Annual Return,Annual Volatility,Average Losing Trade,Average Winning Trade,CAGR,End Portfolio Value,Losing Trades,MAR Ratio,Max Drawdown,Params,Sharpe Ratio,Sortino Ratio,Start Portfolio Value,Total Return,Total Trades,Winning Trades
0.125797247932,0.0695709786073,-0.00567354801106,0.00783954993294,0.130988004876,14457.0963725,27,2.2755600172,0.0575629752178,"{u'open_long': 0.0, u'delay': 3.0, u'sigma': 3.0, u'close_long': -0.20000000000000001}",1.80818568964,1.85460368158,10000.0,0.445709637248,99,72
0.166039312581,0.0846837248365,-0.00561604248277,0.00632699775567,0.175437485075,16246.4804028,145,2.00752069535,0.0873901252834,"{u'open_long': 0.19999999999999996, u'delay': 1.0, u'sigma': 3.0, u'close_long': -0.10000000000000001}",1.96069921229,2.79313317159,10012.5647321,0.62260927519,366,221
0.163036258968,0.0849479043084,-0.00560453487018,0.00632770985321,0.17189639704,16100.3574764,145,1.96700023581,0.0873901252834,"{u'open_long': 0.29999999999999999, u'delay': 1.0, u'sigma': 3.0, u'close_long': -0.10000000000000001}",1.91924992494,2.73516427096,10012.5647321,0.608015319473,366,221
0.142339867412,0.0820747607838,-0.0149153503746,0.0142821048939,0.148717956335,15146.430383,7,1.75340878871,0.0848164770773,"{u'open_long': 0.0, u'delay': 3.0, u'sigma': 3.0, u'close_long': 0.0}",1.73427087759,1.7575490595,10000.0,0.514643038304,46,39
0.092033766999,0.055557444932,-0.00901379860407,0.0139657341103,0.0944903351537,13104.5144127,6,1.72588457064,0.0547489309315,"{u'open_long': -0.29999999999999999, u'delay': 2.0, u'sigma': 2.0, u'close_long': -0.20000000000000001}",1.6565514687,1.29907453037,10000.0,0.310451441272,31,25
0.140864618554,0.0860563218455,-0.0134266218643,0.0164315851686,0.146646065086,15064.7703164,6,1.71398949235,0.0855583221139,"{u'open_long': 0.0, u'delay': 3.0, u'sigma': 3.0, u'close_long': 0.099999999999999978}",1.63688867399,1.74607694807,10000.0,0.506477031643,38,32
0.113066032234,0.087969871831,-0.00605177197926,0.00636210539633,0.114634064181,13857.4720601,108,1.70162352306,0.067367465616,"{u'open_long': 0.29999999999999999, u'delay': 3.0, u'sigma': 3.0, u'close_long': -0.20000000000000001}",1.28528131144,1.70507711538,10012.5647321,0.38400823674,274,166
0.110800698599,0.0748897997787,-0.00613497683602,0.00895357300863,0.113771118264,13808.0210113,26,1.66683796336,0.0682556557773,"{u'open_long': 0.0, u'delay': 2.0, u'sigma': 3.0, u'close_long': -0.10000000000000001}",1.47951655534,1.4930407336,10000.0,0.380802101129,84,58
0.106546858246,0.0774569929197,-0.00678147742638,0.00819221770129,0.108837048225,13625.6532798,25,1.63673233958,0.0664965465604,"{u'open_long': 0.0, u'delay': 3.0, u'sigma': 2.0, u'close_long': -0.20000000000000001}",1.37556151136,1.35460337083,10000.0,0.362565327978,88,63
0.14576420471,0.0934120050286,-0.0152316644061,0.0134297645777,0.151502663245,15256.6485476,6,1.62901600311,0.0930025628697,"{u'open_long': 0.099999999999999978, u'delay': 3.0, u'sigma': 3.0, u'close_long': 0.099999999999999978}",1.56044402072,1.78101529367,10000.0,0.525664854756,47,41
0.0803433076975,0.051674624052,-0.00816062581213,0.0129881768436,0.0820247239987,12662.6310252,8,1.61705752007,0.0507246792279,"{u'open_long': -0.29999999999999999, u'delay': 2.0, u'sigma': 2.0, u'close_long': -0.29999999999999999}",1.55479230225,1.1531639623,10000.0,0.266263102523,33,25
0.129871767339,0.0813998398588,-0.00598811090685,0.00619302872565,0.134572232101,14594.7278395,142,1.59128519395,0.0845682675945,"{u'open_long': 0.099999999999999978, u'delay': 1.0, u'sigma': 3.0, u'close_long': -0.29999999999999999}",1.59547939609,2.03349270651,10000.0,0.459472783947,357,215
0.156961683816,0.0867342109507,-0.00531619339353,0.00632330472012,0.164642428299,15803.7612564,130,1.58980494348,0.103561401651,"{u'open_long': 0.29999999999999999, u'delay': 2.0, u'sigma': 3.0, u'close_long': -0.20000000000000001}",1.80968596008,2.57360014838,10012.5647321,0.578392917226,328,198
0.130380546434,0.0890549620558,-0.0170281951333,0.0149931094507,0.134419851247,14588.8588493,10,1.58306687927,0.0849110375607,"{u'open_long': 0.0, u'delay': 3.0, u'sigma': 2.0, u'close_long': 0.19999999999999996}",1.46404583669,1.59788026051,10000.0,0.45888588493,49,39
0.132716076776,0.0850325557826,-0.0108320810142,0.0134768139932,0.137463344046,14706.3779664,12,1.57981680428,0.0870122052595,"{u'open_long': -0.10000000000000001, u'delay': 3.0, u'sigma': 1.0, u'close_long': 0.29999999999999999}",1.56076782068,1.66440716116,10000.0,0.470637796644,53,41
0.0907892233882,0.0684035916687,-0.0110150385408,0.0118403169106,0.092264772741,13024.8810431,7,1.56357550973,0.0590088372238,"{u'open_long': -0.20000000000000001, u'delay': 3.0, u'sigma': 2.0, u'close_long': -0.20000000000000001}",1.32725813328,1.11683628882,10000.0,0.30248810431,38,31
0.103887208962,0.0683626267022,-0.0067432042859,0.00792675553364,0.106629564597,13544.5848281,38,1.53809092484,0.0693259175222,"{u'open_long': 0.0, u'delay': 3.0, u'sigma': 3.0, u'close_long': -0.29999999999999999}",1.51964917052,1.47619750309,10000.0,0.354458482809,114,76
0.121722228965,0.0816880848582,-0.0053975574519,0.00699628625656,0.124898556502,14243.126848,90,1.52862229052,0.0817066173096,"{u'open_long': 0.19999999999999996, u'delay': 2.0, u'sigma': 2.0, u'close_long': -0.20000000000000001}",1.49008547791,1.93953213091,10012.5647321,0.422525319841,221,131
0.137525291324,0.0985710616062,-0.00866204965615,0.00892929444262,0.141035804603,14863.7771487,24,1.52088158252,0.0927329295216,"{u'open_long': 0.19999999999999996, u'delay': 2.0, u'sigma': 2.0, u'close_long': 0.099999999999999978}",1.39518930894,1.73292867783,10012.5647321,0.484512464726,98,74
0.11134391517,0.0852213823864,-0.00630813932613,0.00678337597112,0.112986028935,13796.2081134,66,1.51261619438,0.0746957684011,"{u'open_long': 0.099999999999999978, u'delay': 2.0, u'sigma': 3.0, u'close_long': -0.10000000000000001}",1.30652556967,1.51936229053,10012.5647321,0.377889530063,183,117
0.143178908867,0.0838108297568,-0.00568050117817,0.00647342751725,0.149026577867,15177.6657452,142,1.50549861108,0.098988186884,"{u'open_long': 0.099999999999999978, u'delay': 1.0, u'sigma': 3.0, u'close_long': -0.10000000000000001}",1.70835808788,2.35179504545,10012.5647321,0.515861934606,347,205
0.104382136032,0.0790389728728,-0.00750866436686,0.00939478798121,0.106308872909,13532.834421,19,1.5021153467,0.0707727759676,"{u'open_long': 0.0, u'delay': 3.0, u'sigma': 2.0, u'close_long': -0.10000000000000001}",1.32064135246,1.33547756287,10000.0,0.353283442098,70,51
0.104907667061,0.0870552766864,-0.00560246874861,0.00696241793629,0.105690205449,13527.1603099,86,1.50142469489,0.0703932776707,"{u'open_long': 0.29999999999999999, u'delay': 3.0, u'sigma': 2.0, u'close_long': -0.20000000000000001}",1.20506959548,1.515031477,10012.5647321,0.351018512422,209,123
0.119088972832,0.0753603975748,-0.0133251531557,0.0171080123026,0.12297681963,14152.6045139,5,1.47694510147,0.0832643132824,"{u'open_long': -0.10000000000000001, u'delay': 3.0, u'sigma': 3.0, u'close_long': 0.0}",1.58025934927,1.37913997579,10000.0,0.415260451394,31,26
0.149768689927,0.105796052597,-0.0206544828969,0.0217070533821,0.154202353202,15383.3149665,10,1.47076133127,0.104845259338,"{u'open_long': 0.29999999999999999, u'delay': 2.0, u'sigma': 2.0, u'close_long': 0.29999999999999999}",1.41563589804,1.88686572656,10012.5647321,0.536401049893,43,32
0.0795246132453,0.0520338743803,-0.01065692433,0.0122415257026,0.0811204367494,12630.9675586,8,1.46638949984,0.0553198428918,"{u'open_long': -0.10000000000000001, u'delay': 1.0, u'sigma': 2.0, u'close_long': -0.10000000000000001}",1.52832388886,1.16407493662,10000.0,0.263096755863,36,28
0.130690484389,0.096485269554,-0.0158977368006,0.0129726494971,0.133512359776,14572.2257568,13,1.46492719809,0.091139245657,"{u'open_long': 0.19999999999999996, u'delay': 3.0, u'sigma': 2.0, u'close_long': 0.19999999999999996}",1.35451230009,1.59539351045,10012.5647321,0.455393912221,61,48
0.14009387217,0.0976881799786,-0.00642882702274,0.00783465086436,0.144063717369,14982.2037782,80,1.4596912667,0.0986946491054,"{u'open_long': 0.29999999999999999, u'delay': 3.0, u'sigma': 3.0, u'close_long': 0.0}",1.43409235591,1.96450839936,10012.5647321,0.496340266359,206,126
0.121620858337,0.0836402205227,-0.01010785657,0.0137230572874,0.12507680949,14232.0043738,12,1.45488393159,0.08597030098,"{u'open_long': -0.20000000000000001, u'delay': 3.0, u'sigma': 1.0, u'close_long': 0.29999999999999999}",1.45409538111,1.48280268409,10000.0,0.423200437376,49,37
0.122938469272,0.0863398845684,-0.0129145797459,0.0139909806692,0.126299120486,14278.3558278,13,1.45113695961,0.0870345970104,"{u'open_long': 0.0, u'delay': 3.0, u'sigma': 2.0, u'close_long': 0.099999999999999978}",1.42388966451,1.5212212214,10000.0,0.427835582777,53,40
0.125265198546,0.0849895795588,-0.00709074602031,0.00718056716519,0.128569987644,14382.7853754,57,1.44799200981,0.0887919178929,"{u'open_long': 0.19999999999999996, u'delay': 3.0, u'sigma': 2.0, u'close_long': -0.20000000000000001}",1.47388890727,1.7229496858,10012.5647321,0.436473646884,172,115
0.125444526848,0.0897880659308,-0.00872338389968,0.0107651034326,0.128775952307,14372.5882506,24,1.44315027175,0.0892325316549,"{u'open_long': 0.099999999999999978, u'delay': 3.0, u'sigma': 3.0, u'close_long': 0.0}",1.39711804177,1.56798363664,10000.0,0.437258825056,81,57
0.11856018808,0.0771552362463,-0.0067127243168,0.00998395878485,0.122232748739,14124.5424125,19,1.44209613122,0.0847604719912,"{u'open_long': 0.0, u'delay': 3.0, u'sigma': 3.0, u'close_long': -0.10000000000000001}",1.5366447418,1.53281162779,10000.0,0.412454241254,70,51
0.147577120783,0.109361945843,-0.011450422206,0.011374714758,0.151240113757,15265.3906405,24,1.44187481017,0.104891293398,"{u'open_long': 0.29999999999999999, u'delay': 1.0, u'sigma': 2.0, u'close_long': 0.099999999999999978}",1.34943759135,1.87696656752,10012.5647321,0.524623415571,92,67
0.0813266618581,0.0662667484889,-0.00667516524345,0.00922623060146,0.0821577510009,12667.2933993,21,1.42794813323,0.0575355288395,"{u'open_long': -0.10000000000000001, u'delay': 3.0, u'sigma': 2.0, u'close_long': -0.29999999999999999}",1.22726199357,1.13783125234,10000.0,0.26672933993,65,44
0.130472626977,0.0939824330029,-0.00916428930238,0.0106892986831,0.133536387948,14573.150789,22,1.42429010702,0.0937564526284,"{u'open_long': 0.19999999999999996, u'delay': 3.0, u'sigma': 2.0, u'close_long': 0.099999999999999978}",1.38826611323,1.60397088719,10012.5647321,0.455486299355,80,58
0.128200834211,0.0873538899502,-0.010470639603,0.0134677956532,0.132126473773,14500.71856,15,1.41981469667,0.0930589562722,"{u'open_long': 0.0, u'delay': 3.0, u'sigma': 1.0, u'close_long': 0.29999999999999999}",1.4676030373,1.62175786806,10000.0,0.450071856002,57,42
0.118009832739,0.0824569888907,-0.0170216831582,0.0124443415521,0.121140563703,14083.418598,10,1.41411002708,0.0856655856922,"{u'open_long': -0.20000000000000001, u'delay': 2.0, u'sigma': 1.0, u'close_long': 0.29999999999999999}",1.43116835002,1.49443985437,10000.0,0.408341859805,54,44
0.0801064205981,0.0650320984973,-0.00695285440042,0.0111157994115,0.0809270086717,12624.2015606,11,1.4129921844,0.0572735005653,"{u'open_long': -0.10000000000000001, u'delay': 3.0, u'sigma': 3.0, u'close_long': -0.20000000000000001}",1.23179818042,0.954072648672,10000.0,0.262420156064,41,30
0.0984786902764,0.0739959037556,-0.00908772993263,0.0101601890717,0.100236949425,13311.6336147,9,1.40749170473,0.0712167248222,"{u'open_long': -0.10000000000000001, u'delay': 3.0, u'sigma': 2.0, u'close_long': -0.10000000000000001}",1.33086678151,1.23656547457,10000.0,0.331163361471,48,39
0.0801816076432,0.0625107364369,-0.010834979484,0.0107975560761,0.0811834362757,12633.1717656,9,1.40746873936,0.0576804542834,"{u'open_long': -0.20000000000000001, u'delay': 3.0, u'sigma': 2.0, u'close_long': -0.29999999999999999}",1.28268537876,1.08693656025,10000.0,0.263317176556,42,33
0.0892421906182,0.067716836823,-0.00716918461213,0.0106723753277,0.0906294705259,12966.5737918,22,1.40511736022,0.0644995735528,"{u'open_long': -0.29999999999999999, u'delay': 2.0, u'sigma': 1.0, u'close_long': -0.20000000000000001}",1.31787299592,1.23805044918,10000.0,0.296657379175,64,42
0.101275189656,0.0774395920605,-0.0142828625086,0.0103714062034,0.103022405792,13412.8066569,12,1.40064484444,0.0735535537087,"{u'open_long': -0.20000000000000001, u'delay': 2.0, u'sigma': 1.0, u'close_long': 0.099999999999999978}",1.30779601184,1.32604275859,10000.0,0.341280665687,60,48
0.0997434125894,0.0728518675601,-0.00688982709861,0.00787627604355,0.101718002653,13365.3647448,31,1.38523928193,0.0734299149467,"{u'open_long': 0.0, u'delay': 3.0, u'sigma': 2.0, u'close_long': -0.29999999999999999}",1.36912636463,1.37646291683,10000.0,0.336536474479,100,69
0.130202817457,0.0925908056658,-0.0122575542722,0.0119848739716,0.133854107938,14567.0828438,15,1.38480393316,0.0966592488165,"{u'open_long': 0.099999999999999978, u'delay': 2.0, u'sigma': 2.0, u'close_long': 0.099999999999999978}",1.40621756686,1.59095461651,10000.0,0.456708284377,65,50
0.13943734673,0.10431623559,-0.0199584909043,0.0203861795256,0.142548021816,14922.8441951,9,1.38374391219,0.103016187143,"{u'open_long': 0.19999999999999996, u'delay': 2.0, u'sigma': 2.0, u'close_long': 0.29999999999999999}",1.33667924213,1.7217381188,10012.5647321,0.490411757066,40,31
0.118940795738,0.0849348247715,-0.00664831311741,0.00786440664198,0.121950595817,14113.910916,45,1.38160028159,0.0882676396648,"{u'open_long': 0.099999999999999978, u'delay': 3.0, u'sigma': 3.0, u'close_long': -0.10000000000000001}",1.40037724288,1.52948723686,10000.0,0.411391091599,133,88
0.141698745047,0.104652281202,-0.0173219847558,0.0208648306275,0.145088605653,15022.430741,13,1.37898822826,0.105213810154,"{u'open_long': 0.099999999999999978, u'delay': 1.0, u'sigma': 2.0, u'close_long': 0.099999999999999978}",1.35399576024,1.80066758246,10012.5647321,0.500357914572,47,33
0.122255751004,0.101762748997,-0.007118299388,0.00825609398956,0.123431158828,14187.5617594,49,1.37858209146,0.089534863098,"{u'open_long': 0.29999999999999999, u'delay': 3.0, u'sigma': 3.0, u'close_long': 0.099999999999999978}",1.20138019274,1.58014198601,10012.5647321,0.416975783829,140,91
0.140481889341,0.098855390423,-0.0220585801888,0.0157374240894,0.144371427969,14994.273902,7,1.37514947388,0.104985989314,"{u'open_long': 0.19999999999999996, u'delay': 3.0, u'sigma': 2.0, u'close_long': 0.29999999999999999}",1.42108476574,1.70700627005,10012.5647321,0.497545764067,45,38
0.113745458059,0.0825937486954,-0.0132836711701,0.0137347386876,0.116371056649,13904.7677796,9,1.37131166994,0.0848611290927,"{u'open_long': -0.10000000000000001, u'delay': 2.0, u'sigma': 2.0, u'close_long': 0.099999999999999978}",1.37716788323,1.35989314443,10000.0,0.39047677796,44,35
0.120448429638,0.0922557299027,-0.0163811292957,0.0137373438477,0.122911059166,14150.1229105,11,1.36858940008,0.0898085716279,"{u'open_long': 0.099999999999999978, u'delay': 3.0, u'sigma': 2.0, u'close_long': 0.19999999999999996}",1.30559294002,1.4744318732,10000.0,0.415012291051,52,41
0.0745701569299,0.0537220035464,-0.00928453642316,0.0117414187889,0.0756956131415,12442.1247654,13,1.36833198066,0.055319625801,"{u'open_long': -0.20000000000000001, u'delay': 2.0, u'sigma': 2.0, u'close_long': -0.29999999999999999}",1.38807475536,1.16386803111,10000.0,0.244212476538,44,31
0.0957854456638,0.0688936017951,-0.0120732908649,0.013522751522,0.0976855147385,13219.4078787,5,1.36123860209,0.0717622278624,"{u'open_long': -0.20000000000000001, u'delay': 2.0, u'sigma': 2.0, u'close_long': 0.0}",1.39033877121,1.20694042186,10000.0,0.321940787871,32,27
0.140864482417,0.110569292762,-0.0109933067718,0.0160395539108,0.143407601548,14956.4888754,14,1.35607751466,0.105751773035,"{u'open_long': 0.29999999999999999, u'delay': 2.0, u'sigma': 3.0, u'close_long': 0.19999999999999996}",1.27399279581,1.74203074243,10012.5647321,0.493772003033,52,38
0.119308763057,0.0820331958917,-0.0103869559096,0.0122740291018,0.122633233196,14139.6417872,13,1.35325551202,0.0906209005662,"{u'open_long': -0.10000000000000001, u'delay': 3.0, u'sigma': 1.0, u'close_long': 0.19999999999999996}",1.45439613512,1.52951688551,10000.0,0.413964178723,55,42
0.118167736349,0.0868569370195,-0.0154642262393,0.0109505506477,0.12089896904,14074.3326694,11,1.34695310753,0.0897573704419,"{u'open_long': -0.10000000000000001, u'delay': 2.0, u'sigma': 1.0, u'close_long': 0.29999999999999999}",1.36048703079,1.47877638552,10000.0,0.407433266939,61,50
0.112035838334,0.0818958530351,-0.0108227347437,0.0144074228534,0.114532547433,13836.3081065,11,1.34616089401,0.0850808755051,"{u'open_long': -0.29999999999999999, u'delay': 3.0, u'sigma': 1.0, u'close_long': 0.29999999999999999}",1.36802822343,1.3456046912,10000.0,0.383630810653,44,33
0.0909217375314,0.0728985529001,-0.00749624039827,0.0097026409225,0.0920620602835,13017.6437995,14,1.34526300924,0.068434246427,"{u'open_long': -0.10000000000000001, u'delay': 3.0, u'sigma': 2.0, u'close_long': -0.20000000000000001}",1.24723652136,1.12868408021,10000.0,0.301764379947,55,41
0.137410633497,0.100539280646,-0.00875666496847,0.00746043246462,0.140682193524,14849.9876383,38,1.32938477652,0.105825037273,"{u'open_long': 0.29999999999999999, u'delay': 2.0, u'sigma': 2.0, u'close_long': 0.099999999999999978}",1.36673579335,1.78962949315,10012.5647321,0.483135244131,143,105
0.124146943767,0.0979412192364,-0.00736085333623,0.0103321433784,0.125981399982,14284.2230617,30,1.32899437291,0.0947945322795,"{u'open_long': 0.19999999999999996, u'delay': 3.0, u'sigma': 3.0, u'close_long': 0.099999999999999978}",1.26756583933,1.55658337244,10012.5647321,0.426629784066,90,60
0.114205164044,0.0904333065412,-0.0118826982176,0.011358421042,0.116126102529,13895.6335446,17,1.327581355,0.0874719293788,"{u'open_long': 0.099999999999999978, u'delay': 3.0, u'sigma': 1.0, u'close_long': 0.19999999999999996}",1.26286617632,1.4380278637,10000.0,0.389563354457,67,50
0.0968187339817,0.0790947857116,-0.0138475583504,0.0106066344408,0.0979870496352,13230.2850988,12,1.32474597278,0.0739666710818,"{u'open_long': -0.20000000000000001, u'delay': 2.0, u'sigma': 1.0, u'close_long': 0.19999999999999996}",1.2240849142,1.22838667858,10000.0,0.32302850988,57,45
0.105041429809,0.0792601142945,-0.0114630378547,0.011504757051,0.107017183882,13558.7965859,9,1.32382092338,0.0808396226342,"{u'open_long': -0.10000000000000001, u'delay': 2.0, u'sigma': 2.0, u'close_long': 0.0}",1.32527477085,1.26310709195,10000.0,0.355879658586,47,38
0.081475767051,0.0667279705392,-0.00640497377335,0.00957999845103,0.0822853261091,12671.7657676,20,1.32267490959,0.0622113003825,"{u'open_long': -0.10000000000000001, u'delay': 2.0, u'sigma': 2.0, u'close_long': -0.20000000000000001}",1.22101371273,1.12689208589,10000.0,0.267176576755,61,41
0.120599780262,0.0940429362756,-0.0101407544022,0.0112997088219,0.122892579676,14149.4256019,22,1.3209153158,0.0930359260782,"{u'open_long': 0.19999999999999996, u'delay': 3.0, u'sigma': 1.0, u'close_long': 0.19999999999999996}",1.28239062962,1.50034598705,10000.0,0.414942560193,76,54
0.0801432223131,0.057688429425,-0.00955176103519,0.0111499747623,0.0814545549628,12642.6605017,8,1.31776929115,0.0618124549646,"{u'open_long': -0.20000000000000001, u'delay': 2.0, u'sigma': 2.0, u'close_long': -0.20000000000000001}",1.38924257623,1.17359624966,10000.0,0.264266050167,38,30
0.088752296885,0.06961851823,-0.00918362851321,0.0127176739521,0.0899563031995,12942.6223875,8,1.31538988709,0.068387558763,"{u'open_long': -0.20000000000000001, u'delay': 3.0, u'sigma': 2.0, u'close_long': -0.10000000000000001}",1.27483748781,1.09839811712,10000.0,0.294262238749,36,28
0.100779596204,0.0782684236595,-0.00650955838085,0.00686776162945,0.102405118529,13390.341599,56,1.31298048445,0.0779943949983,"{u'open_long': 0.099999999999999978, u'delay': 3.0, u'sigma': 3.0, u'close_long': -0.20000000000000001}",1.28761499838,1.38954746907,10000.0,0.339034159903,159,103
0.118982024108,0.0884891502441,-0.0127479124177,0.0132890782201,0.121652776531,14102.6948958,13,1.31279609887,0.0926669241591,"{u'open_long': 0.0, u'delay': 2.0, u'sigma': 2.0, u'close_long': 0.099999999999999978}",1.34459449299,1.46747449726,10000.0,0.41026948958,54,41
0.119330705514,0.0944914543669,-0.00615954361106,0.00674541490186,0.120957085766,14094.204743,99,1.3103044687,0.0923121981612,"{u'open_long': 0.29999999999999999, u'delay': 3.0, u'sigma': 3.0, u'close_long': -0.10000000000000001}",1.26287299009,1.68255806519,10012.5647321,0.407651797525,251,152
0.110569564763,0.0900892290375,-0.0117679075462,0.0111257199686,0.112120788478,13746.8435274,18,1.30629906102,0.0858308727486,"{u'open_long': 0.099999999999999978, u'delay': 3.0, u'sigma': 1.0, u'close_long': 0.099999999999999978}",1.22733389934,1.38787029232,10000.0,0.374684352738,69,51
0.136909332969,0.105258917943,-0.00817957441812,0.00861723866538,0.139558390812,14806.2201084,44,1.30382672449,0.107037528983,"{u'open_long': 0.29999999999999999, u'delay': 2.0, u'sigma': 3.0, u'close_long': 0.099999999999999978}",1.30069105445,1.77017465895,10012.5647321,0.478763983507,139,95
0.112866041883,0.0890615307677,-0.00859055585207,0.00890758994994,0.114771339589,13845.1871793,21,1.30151669485,0.0881827640342,"{u'open_long': 0.099999999999999978, u'delay': 2.0, u'sigma': 2.0, u'close_long': 0.0}",1.26728163002,1.39815586765,10000.0,0.384518717927,82,61
0.122611309491,0.0927646548521,-0.0146768877016,0.012498345563,0.125285167478,14239.8984543,15,1.30018034848,0.0963598377901,"{u'open_long': 0.099999999999999978, u'delay': 3.0, u'sigma': 1.0, u'close_long': 0.29999999999999999}",1.32174597843,1.52925124226,10000.0,0.423989845433,64,49
0.131916758895,0.104205964594,-0.0155193705362,0.0113085811543,0.134023589119,14591.915408,15,1.29571588452,0.103435938943,"{u'open_long': 0.29999999999999999, u'delay': 2.0, u'sigma': 2.0, u'close_long': 0.19999999999999996}",1.26592330303,1.66424428083,10012.5647321,0.45736040649,75,59
0.135236648224,0.0978503298242,-0.0192199519618,0.0152692169057,0.138514011411,14765.6228953,8,1.29530752561,0.1069352325,"{u'open_long': 0.099999999999999978, u'delay': 2.0, u'sigma': 3.0, u'close_long': 0.099999999999999978}",1.38207657008,1.64210050074,10012.5647321,0.474709356726,46,38
0.119869387376,0.0971698556501,-0.0191547713083,0.0150212064036,0.121740335593,14105.9917966,10,1.29071527487,0.0943200549054,"{u'open_long': 0.099999999999999978, u'delay': 2.0, u'sigma': 2.0, u'close_long': 0.19999999999999996}",1.23360672478,1.43842273975,10000.0,0.410599179662,48,38
0.125773372958,0.0977666419221,-0.0113285816656,0.0127588904646,0.127828051811,14354.4894835,22,1.28925166637,0.0991490297404,"{u'open_long': 0.29999999999999999, u'delay': 3.0, u'sigma': 1.0, u'close_long': 0.29999999999999999}",1.28646510186,1.56461886059,10012.5647321,0.433647608537,74,52
0.0735516277437,0.060954192353,-0.0137918924041,0.0102959357429,0.0741562375735,12388.8824298,6,1.28798930587,0.0575751966539,"{u'open_long': -0.29999999999999999, u'delay': 1.0, u'sigma': 1.0, u'close_long': 0.099999999999999978}",1.20667053248,0.935131107083,10000.0,0.238888242982,37,31
0.0741646411353,0.0526796107113,-0.00816045602704,0.0088838778854,0.0753169496503,12429.0138378,21,1.28709612685,0.0585169577308,"{u'open_long': -0.10000000000000001, u'delay': 2.0, u'sigma': 3.0, u'close_long': -0.29999999999999999}",1.40784337875,1.00767949461,10000.0,0.242901383783,68,47
0.0773082364735,0.063296625492,-0.00750652263056,0.00920310563006,0.0780349898019,12523.3281553,26,1.28670482439,0.0606471572366,"{u'open_long': -0.10000000000000001, u'delay': 2.0, u'sigma': 2.0, u'close_long': -0.29999999999999999}",1.22136426504,1.1132690539,10000.0,0.25233281553,75,49
0.12487991291,0.0965671417396,-0.0135831431811,0.0121606846658,0.127426980206,14321.2146737,18,1.28589491801,0.0990959513267,"{u'open_long': 0.19999999999999996, u'delay': 3.0, u'sigma': 1.0, u'close_long': 0.29999999999999999}",1.29319259802,1.53209141341,10000.0,0.432121467365,71,53
0.109030465512,0.086220802672,-0.0130033084183,0.00971005138828,0.110793264012,13697.7636163,19,1.28446509302,0.0862563448501,"{u'open_long': 0.099999999999999978, u'delay': 3.0, u'sigma': 1.0, u'close_long': 0.0}",1.26454941422,1.41874915686,10000.0,0.369776361631,81,62
0.106828787652,0.0828790933477,-0.0136181094247,0.0128766843074,0.108670931406,13619.5415292,10,1.28232639223,0.0847451413807,"{u'open_long': 0.0, u'delay': 2.0, u'sigma': 3.0, u'close_long': 0.0}",1.28897148046,1.31913738634,10000.0,0.361954152916,47,37
0.117380813353,0.0952823892036,-0.00831564821843,0.0117296155027,0.118693262177,14009.1406064,28,1.28036745234,0.0927024987713,"{u'open_long': 0.29999999999999999, u'delay': 3.0, u'sigma': 1.0, u'close_long': 0.19999999999999996}",1.23192558808,1.49073352737,10012.5647321,0.399156058534,81,53
0.104101492931,0.0843842650763,-0.0113957941324,0.0102624956317,0.105517391056,13503.862937,14,1.27730562606,0.0826093527679,"{u'open_long': 0.0, u'delay': 2.0, u'sigma': 2.0, u'close_long': 0.0}",1.23366000565,1.30842581131,10000.0,0.350386293702,62,48
0.114793832489,0.0839514529883,-0.0140422519108,0.0113353046291,0.117413192286,13943.6732757,11,1.27486274548,0.092098692743,"{u'open_long': 0.0, u'delay': 3.0, u'sigma': 2.0, u'close_long': 0.0}",1.36738351039,1.42141071348,10000.0,0.394367327572,57,46
0.0815010187891,0.0722600478563,-0.00976535701823,0.00974936289227,0.0818972096346,12658.162933,13,1.26932801708,0.0645201307561,"{u'open_long': -0.10000000000000001, u'delay': 2.0, u'sigma': 2.0, u'close_long': -0.10000000000000001}",1.12788492683,1.0278338323,10000.0,0.265816293296,53,40
0.101669433839,0.0867356294009,-0.00605241589556,0.00738292002229,0.102615889687,13398.0094156,62,1.26899344696,0.0808640028301,"{u'open_long': 0.29999999999999999, u'delay': 3.0, u'sigma': 1.0, u'close_long': -0.29999999999999999}",1.17217612348,1.39246821206,10000.0,0.339800941562,161,99
0.0809307154686,0.0701968151428,-0.00780076176426,0.00928582762299,0.0814397289933,12642.1414929,22,1.26343026566,0.0644592196393,"{u'open_long': -0.20000000000000001, u'delay': 2.0, u'sigma': 1.0, u'close_long': -0.20000000000000001}",1.15291150039,1.11677973771,10000.0,0.264214149294,69,47
0.0920669017839,0.0753372552398,-0.0118626069798,0.0110401507053,0.0931123275956,13055.1694883,14,1.26165928047,0.0738014843126,"{u'open_long': -0.29999999999999999, u'delay': 2.0, u'sigma': 1.0, u'close_long': 0.099999999999999978}",1.22206339335,1.19474752691,10000.0,0.305516948831,56,42
0.117047338697,0.0817083839393,-0.0108007227097,0.0119552937631,0.120133944204,14045.5872571,13,1.25929639781,0.095397671599,"{u'open_long': -0.10000000000000001, u'delay': 3.0, u'sigma': 1.0, u'close_long': 0.099999999999999978}",1.43250096323,1.50398068929,10000.0,0.404558725708,56,43
0.105462885381,0.0804778367368,-0.0136940500519,0.0139124685535,0.107377089995,13572.001151,9,1.25839273289,0.0853287588112,"{u'open_long': -0.10000000000000001, u'delay': 3.0, u'sigma': 2.0, u'close_long': 0.099999999999999978}",1.31045875059,1.29962625503,10000.0,0.357200115103,42,33
0.132320139072,0.106261400235,-0.0148148768956,0.0120748397519,0.134234323362,14600.0368492,14,1.25322199109,0.107111369188,"{u'open_long': 0.29999999999999999, u'delay': 3.0, u'sigma': 3.0, u'close_long': 0.19999999999999996}",1.24523240594,1.63334684011,10012.5647321,0.458171531456,66,52
0.105189495793,0.080398276481,-0.0148986736635,0.0128421242542,0.10708039104,13561.1149683,11,1.25086611819,0.0856049975957,"{u'open_long': -0.29999999999999999, u'delay': 2.0, u'sigma': 1.0, u'close_long': 0.29999999999999999}",1.30835510906,1.31979394229,10000.0,0.35611149683,50,39
0.125541685583,0.0932249032809,-0.00601030877496,0.00594583459176,0.128054363666,14363.1166139,111,1.24836127845,0.102577968314,"{u'open_long': 0.29999999999999999, u'delay': 2.0, u'sigma': 3.0, u'close_long': -0.10000000000000001}",1.34665396439,1.81779577267,10012.5647321,0.434509238965,300,189
0.0894779638687,0.0717771263549,-0.00718445485445,0.00744635295257,0.0905787912811,12964.7695891,34,1.24831669285,0.0725607466437,"{u'open_long': 0.0, u'delay': 2.0, u'sigma': 2.0, u'close_long': -0.20000000000000001}",1.2466083335,1.29024510792,10000.0,0.296476958911,107,73
0.108493530126,0.080520427014,-0.0102773568427,0.0120208798331,0.110723735068,13695.196283,12,1.23523133783,0.0896380553802,"{u'open_long': -0.20000000000000001, u'delay': 3.0, u'sigma': 1.0, u'close_long': 0.19999999999999996}",1.34740380981,1.34682653589,10000.0,0.369519628304,51,39
0.100016093021,0.0715852298789,-0.0128530693981,0.0136479847323,0.102120421893,13379.9890281,5,1.23051500626,0.0829899849853,"{u'open_long': -0.10000000000000001, u'delay': 3.0, u'sigma': 3.0, u'close_long': -0.10000000000000001}",1.39716102316,1.15552845556,10000.0,0.337998902812,33,28
0.110428219816,0.104699687445,-0.0146487645531,0.00975259961725,0.109913638345,13682.4774392,24,1.22004360963,0.090089925866,"{u'open_long': 0.29999999999999999, u'delay': 1.0, u'sigma': 1.0, u'close_long': 0.19999999999999996}",1.05471393956,1.39550687766,10012.5647321,0.366530734657,99,74
0.1148107991,0.084451093595,-0.0101315655437,0.0122933013752,0.117383607204,13942.5677929,16,1.21577757823,0.096550231971,"{u'open_long': 0.0, u'delay': 3.0, u'sigma': 1.0, u'close_long': 0.19999999999999996}",1.35949452178,1.48208998802,10000.0,0.394256779287,59,43
0.107604066374,0.0748443396426,-0.00704341063186,0.00716913872245,0.110226995488,13676.8636619,50,1.21417411376,0.0907835163334,"{u'open_long': 0.099999999999999978, u'delay': 2.0, u'sigma': 2.0, u'close_long': -0.20000000000000001}",1.43770480023,1.62404695098,10000.0,0.367686366188,150,100
0.110652654399,0.0896665671272,-0.0120628913057,0.0124240433249,0.112255263472,13751.8217261,14,1.21377092107,0.0924847197465,"{u'open_long': 0.099999999999999978, u'delay': 3.0, u'sigma': 2.0, u'close_long': 0.099999999999999978}",1.23404584277,1.36188028447,10000.0,0.375182172611,56,42
0.0806510235478,0.0707731525296,-0.00948511957427,0.00941453511,0.0810944034188,12630.0567877,16,1.21269657751,0.0668711406651,"{u'open_long': -0.29999999999999999, u'delay': 2.0, u'sigma': 1.0, u'close_long': -0.10000000000000001}",1.13957087773,1.08083702477,10000.0,0.263005678774,60,44
0.102106387949,0.0943435860163,-0.00632039912744,0.00767137220528,0.101878175194,13387.9848202,49,1.20850215047,0.0843011947926,"{u'open_long': 0.19999999999999996, u'delay': 2.0, u'sigma': 2.0, u'close_long': 0.0}",1.08228224367,1.36014170255,10012.5647321,0.337118428534,135,86
0.108734784838,0.090876512744,-0.0172200339926,0.0106945231354,0.110004913791,13668.6728272,12,1.20758795813,0.0910947422511,"{u'open_long': 0.0, u'delay': 2.0, u'sigma': 1.0, u'close_long': 0.29999999999999999}",1.19651141482,1.33441053403,10000.0,0.36686728272,65,53
0.101214639271,0.0840000231949,-0.0167053057845,0.0157248307227,0.102374756447,13389.2372729,9,1.20699001577,0.0848182297363,"{u'open_long': -0.10000000000000001, u'delay': 3.0, u'sigma': 2.0, u'close_long': 0.19999999999999996}",1.20493584908,1.22290698104,10000.0,0.338923727286,39,30
0.0882181969212,0.0770496175759,-0.0122944879419,0.0111007401006,0.0887808708874,12900.8709952,13,1.1991429117,0.0740369392347,"{u'open_long': -0.29999999999999999, u'delay': 2.0, u'sigma': 1.0, u'close_long': 0.19999999999999996}",1.14495307954,1.10611182772,10000.0,0.290087099523,53,40
0.0998172857087,0.0877639992236,-0.0117347857826,0.0126561686096,0.100479242191,13320.4138923,15,1.19588038789,0.0840211472722,"{u'open_long': -0.10000000000000001, u'delay': 1.0, u'sigma': 1.0, u'close_long': 0.19999999999999996}",1.13733747997,1.20618746196,10000.0,0.332041389234,55,40
0.130449223494,0.108210729873,-0.0160841187333,0.0155623297371,0.13188088466,14509.5089612,17,1.18944555818,0.11087593186,"{u'open_long': 0.29999999999999999, u'delay': 1.0, u'sigma': 1.0, u'close_long': 0.29999999999999999}",1.20551098442,1.62750337766,10012.5647321,0.449130102964,63,45
0.11408967432,0.0927444968103,-0.00886120977291,0.00851452102009,0.11529314591,13882.0233514,31,1.18346463249,0.097420018094,"{u'open_long': 0.19999999999999996, u'delay': 3.0, u'sigma': 2.0, u'close_long': 0.0}",1.23015034038,1.42143236185,10012.5647321,0.386460284937,107,76
0.07726686993,0.0594288527118,-0.00787604619269,0.0101996873252,0.0782456830021,12530.6589214,11,1.18199665863,0.0661978884888,"{u'open_long': -0.10000000000000001, u'delay': 2.0, u'sigma': 3.0, u'close_long': -0.20000000000000001}",1.30015752289,0.999972422596,10000.0,0.253065892144,44,33
0.123218656244,0.10947112762,-0.0133601296778,0.0115422193977,0.123594821208,14193.7519006,22,1.17831344437,0.104891293398,"{u'open_long': 0.19999999999999996, u'delay': 1.0, u'sigma': 2.0, u'close_long': 0.099999999999999978}",1.12558131923,1.53555093554,10012.5647321,0.417594021146,84,61
0.0914660017963,0.0743301990162,-0.0108462449937,0.00940926573903,0.0925406487885,13034.7346791,16,1.17627916473,0.0786723522467,"{u'open_long': -0.10000000000000001, u'delay': 3.0, u'sigma': 1.0, u'close_long': -0.20000000000000001}",1.23053621552,1.21638651046,10000.0,0.303473467914,66,50
0.11861252933,0.0820440996327,-0.0063943691997,0.00632681058204,0.121851152313,14110.1651645,109,1.17562729558,0.103647774062,"{u'open_long': 0.29999999999999999, u'delay': 2.0, u'sigma': 2.0, u'close_long': -0.29999999999999999}",1.44571675308,1.91408740532,10000.0,0.411016516448,286,177
0.115943754443,0.0954458134687,-0.00658815642629,0.00701061646559,0.117076161242,13948.5871857,67,1.17445277595,0.0996857120521,"{u'open_long': 0.29999999999999999, u'delay': 2.0, u'sigma': 2.0, u'close_long': 0.0}",1.21475997982,1.63872326962,10012.5647321,0.393108315288,186,119
0.092738925943,0.0810307225483,-0.00586185481223,0.00674024322772,0.0928990708025,13063.9379645,100,1.15790724432,0.0802301490541,"{u'open_long': 0.19999999999999996, u'delay': 2.0, u'sigma': 2.0, u'close_long': -0.29999999999999999}",1.14449091686,1.4016786716,10012.5647321,0.304754407485,238,138
0.104868440601,0.0900569289797,-0.00757919669997,0.00847652878577,0.10535417447,13514.8534245,39,1.15643800427,0.0911023107863,"{u'open_long': 0.29999999999999999, u'delay': 3.0, u'sigma': 1.0, u'close_long': 0.0}",1.16446831786,1.41075417667,10012.5647321,0.349789368269,116,77
0.100388568105,0.0786521752967,-0.0110076441321,0.012600778291,0.101943770483,13373.5680426,11,1.15563120385,0.0882147956403,"{u'open_long': -0.29999999999999999, u'delay': 3.0, u'sigma': 1.0, u'close_long': 0.19999999999999996}",1.27636098717,1.23037814997,10000.0,0.337356804257,46,35
0.0957787385458,0.0805528323711,-0.0103547540597,0.00938907403661,0.0967209350327,13184.6527545,17,1.15381764402,0.0838268815998,"{u'open_long': -0.10000000000000001, u'delay': 1.0, u'sigma': 1.0, u'close_long': 0.099999999999999978}",1.18901763882,1.23488528423,10000.0,0.318465275447,70,53
0.0709537996268,0.0596697982631,-0.011340531531,0.0128153604225,0.0714615741305,12296.0478986,7,1.15262454336,0.0619990043961,"{u'open_long': -0.29999999999999999, u'delay': 3.0, u'sigma': 2.0, u'close_long': -0.29999999999999999}",1.18910741602,0.940450728088,10000.0,0.229604789856,31,24
0.107147563193,0.077410001636,-0.0141010426938,0.0107114496129,0.109506299283,13650.2947915,12,1.14969000098,0.0952485445551,"{u'open_long': -0.10000000000000001, u'delay': 3.0, u'sigma': 1.0, u'close_long': 0.0}",1.38415658091,1.4183000582,10000.0,0.365029479152,60,48
0.0972014904547,0.082917247003,-0.0116632735158,0.0132071006228,0.0980710874131,13233.317642,13,1.14812454615,0.0854185094657,"{u'open_long': 0.0, u'delay': 1.0, u'sigma': 3.0, u'close_long': 0.0}",1.1722710771,1.20526408651,10000.0,0.323331764196,48,35
0.106240823972,0.0801681882199,-0.00999814540034,0.0114635774023,0.108262370351,13604.5175672,12,1.14681813436,0.0944023878832,"{u'open_long': -0.20000000000000001, u'delay': 3.0, u'sigma': 1.0, u'close_long': 0.099999999999999978}",1.32522421089,1.32061238015,10000.0,0.36045175672,52,40
0.0734000104115,0.0641971786381,-0.00746996832656,0.0091916907891,0.0737770170152,12375.789678,23,1.14522478346,0.0644214289464,"{u'open_long': -0.29999999999999999, u'delay': 2.0, u'sigma': 1.0, u'close_long': -0.29999999999999999}",1.14335258914,1.05145558612,10000.0,0.237578967801,68,45
0.105478180081,0.0942030435525,-0.0101995472807,0.0100783438818,0.106066803419,13523.9692941,23,1.14388901857,0.092724732642,"{u'open_long': 0.19999999999999996, u'delay': 3.0, u'sigma': 1.0, u'close_long': 0.099999999999999978}",1.11968972661,1.30312168748,10000.0,0.352396929411,80,57
0.123975424406,0.0952204433125,-0.01370338992,0.00939274298813,0.126553053912,14287.9978753,16,1.14375578867,0.110646918831,"{u'open_long': 0.19999999999999996, u'delay': 2.0, u'sigma': 1.0, u'close_long': 0.29999999999999999}",1.30198327264,1.58432012684,10000.0,0.428799787529,83,67
0.101178070042,0.0814106705903,-0.0123193584803,0.00907481193504,0.102566855567,13396.2253022,14,1.14310782349,0.0897263175523,"{u'open_long': -0.10000000000000001, u'delay': 2.0, u'sigma': 1.0, u'close_long': 0.099999999999999978}",1.24281091543,1.29964174653,10000.0,0.339622530223,69,55
0.080464282936,0.071625298641,-0.00721838813104,0.00751349236219,0.0808259576553,12620.6678169,46,1.13714179292,0.0710781699857,"{u'open_long': 0.0, u'delay': 2.0, u'sigma': 2.0, u'close_long': -0.29999999999999999}",1.12340589795,1.10476883193,10000.0,0.262066781695,127,81
0.0757351779887,0.0728248173604,-0.00958854117496,0.00854609555427,0.0756476557026,12440.4637673,17,1.13601020738,0.0665906478752,"{u'open_long': -0.20000000000000001, u'delay': 2.0, u'sigma': 1.0, u'close_long': -0.10000000000000001}",1.03996385757,1.02124554242,10000.0,0.244046376732,65,48
0.12089466046,0.104173660191,-0.0148441995912,0.0171001781407,0.122097484007,14119.4449843,16,1.13308945188,0.107756262142,"{u'open_long': 0.099999999999999978, u'delay': 1.0, u'sigma': 1.0, u'close_long': 0.29999999999999999}",1.16051082623,1.51574225501,10000.0,0.411944498433,54,37
0.11223149641,0.0840808877241,-0.0108194915945,0.0115916501238,0.114547594515,13836.8674942,15,1.13089273669,0.10128953065,"{u'open_long': 0.0, u'delay': 3.0, u'sigma': 1.0, u'close_long': 0.099999999999999978}",1.33480389478,1.44764411279,10000.0,0.383686749421,60,45
0.119376938536,0.10272294493,-0.0226949348825,0.0172186848103,0.120098612245,14061.9068598,7,1.13029191122,0.10625450917,"{u'open_long': 0.19999999999999996, u'delay': 3.0, u'sigma': 3.0, u'close_long': 0.19999999999999996}",1.16212535201,1.43390104727,10012.5647321,0.404426062255,38,31
0.120308593409,0.106168013225,-0.0160869246264,0.015512717832,0.121205876963,14085.8755797,16,1.1250958621,0.107729377599,"{u'open_long': 0.19999999999999996, u'delay': 1.0, u'sigma': 1.0, u'close_long': 0.29999999999999999}",1.13319058872,1.50034995253,10000.0,0.408587557969,59,42
0.0921983942358,0.0830497329189,-0.0146616261135,0.00986481434803,0.0925897418684,13036.4886874,14,1.12292486943,0.0824540843193,"{u'open_long': 0.0, u'delay': 1.0, u'sigma': 2.0, u'close_long': 0.0}",1.11015882888,1.1486597848,10000.0,0.303648868737,65,51
0.117471077051,0.0977210539235,-0.0137351721106,0.00922810224759,0.118999464104,14003.0317864,18,1.11351879844,0.106867943559,"{u'open_long': 0.29999999999999999, u'delay': 2.0, u'sigma': 1.0, u'close_long': 0.29999999999999999}",1.20210612078,1.51942171423,10000.0,0.400303178643,87,69
0.118948521686,0.100678207006,-0.0214889933584,0.0195514688474,0.120321686065,14052.6379362,8,1.11090512673,0.108309596535,"{u'open_long': 0.099999999999999978, u'delay': 2.0, u'sigma': 2.0, u'close_long': 0.29999999999999999}",1.18147238835,1.41660347548,10000.0,0.405263793617,36,28
0.0884399684977,0.0838485707071,-0.0102973958455,0.00937589069123,0.0884310704099,12888.463415,29,1.10939882496,0.0797108023013,"{u'open_long': 0.099999999999999978, u'delay': 3.0, u'sigma': 1.0, u'close_long': -0.10000000000000001}",1.05475821176,1.17732025669,10000.0,0.288846341501,92,63
0.0864257525772,0.0734802260734,-0.0103850186511,0.00988707171769,0.0871293241117,12842.359716,15,1.10849837777,0.0786012193241,"{u'open_long': -0.20000000000000001, u'delay': 3.0, u'sigma': 1.0, u'close_long': -0.20000000000000001}",1.17617700973,1.10663724685,10000.0,0.284235971598,59,44
0.0767384101888,0.0697074934917,-0.00729331304672,0.00787767814153,0.0769628155305,12486.0676482,45,1.10849715572,0.0694298719067,"{u'open_long': 0.0, u'delay': 2.0, u'sigma': 3.0, u'close_long': -0.20000000000000001}",1.10086314032,1.06653222794,10000.0,0.248606764821,120,75
0.0986856469797,0.0751110534091,-0.011487581511,0.00983729199732,0.10037313847,13316.5683994,15,1.1051127261,0.0908261538386,"{u'open_long': -0.10000000000000001, u'delay': 3.0, u'sigma': 1.0, u'close_long': -0.10000000000000001}",1.31386317327,1.31174228503,10000.0,0.331656839941,65,50
0.113810428412,0.0895652681902,-0.00964757636084,0.00879518812359,0.115773221116,13882.4817739,28,1.10442974506,0.104826243258,"{u'open_long': 0.19999999999999996, u'delay': 3.0, u'sigma': 1.0, u'close_long': 0.0}",1.27069823729,1.48090149361,10000.0,0.388248177386,101,73
0.116752740701,0.10158046831,-0.0200068566613,0.0131504608032,0.117301134437,13957.0009963,8,1.10273861722,0.106372564274,"{u'open_long': 0.29999999999999999, u'delay': 3.0, u'sigma': 2.0, u'close_long': 0.29999999999999999}",1.1493621032,1.43502555773,10012.5647321,0.393948640503,49,41
0.128523158228,0.0830942179126,-0.00559971467559,0.00633196363838,0.132419746634,14530.2038453,160,1.10248804593,0.120109916043,"{u'open_long': 0.19999999999999996, u'delay': 1.0, u'sigma': 3.0, u'close_long': -0.20000000000000001}",1.54671602256,2.1631127907,10012.5647321,0.451196994388,376,216
0.128523158228,0.0830942179126,-0.00559971467559,0.00633196363838,0.132419746634,14530.2038453,160,1.10248804593,0.120109916043,"{u'open_long': 0.19999999999999996, u'delay': 1.0, u'sigma': 3.0, u'close_long': -0.29999999999999999}",1.54671602256,2.1631127907,10012.5647321,0.451196994388,376,216
0.102449434947,0.0955655818739,-0.00881064653329,0.00936598004927,0.102126037172,13397.0050221,28,1.10146041039,0.0927187543094,"{u'open_long': 0.29999999999999999, u'delay': 3.0, u'sigma': 1.0, u'close_long': 0.099999999999999978}",1.0720327647,1.2858929608,10012.5647321,0.338019316785,91,63
0.112851219881,0.101741860869,-0.0167387731822,0.0123948614689,0.112944250438,13794.6573917,12,1.09905667216,0.102764719327,"{u'open_long': 0.19999999999999996, u'delay': 2.0, u'sigma': 2.0, u'close_long': 0.19999999999999996}",1.10919162394,1.39200300121,10012.5647321,0.377734652488,58,46
0.104279898243,0.0796174298576,-0.0123734443033,0.010496810766,0.106145907091,13526.8658221,16,1.09461910236,0.0969706328554,"{u'open_long': 0.0, u'delay': 3.0, u'sigma': 1.0, u'close_long': 0.0}",1.30976217682,1.3894023315,10000.0,0.352686582214,67,51
0.0915629058327,0.0726529190282,-0.0194600435048,0.0134012224804,0.0927821089871,13043.3631365,5,1.09338971648,0.0848573089621,"{u'open_long': -0.20000000000000001, u'delay': 3.0, u'sigma': 2.0, u'close_long': 0.0}",1.26027841768,1.10255485474,10000.0,0.304336313652,34,29
0.0846570972015,0.081779706774,-0.0072926814076,0.00895238962204,0.0845157186412,12750.1260889,33,1.09186916744,0.0774046205914,"{u'open_long': 0.099999999999999978, u'delay': 3.0, u'sigma': 2.0, u'close_long': -0.10000000000000001}",1.03518465083,1.12804520157,10000.0,0.27501260889,91,58
0.0908482347818,0.0845076422509,-0.00682358033099,0.00736135429909,0.0909852344907,12979.2438477,53,1.09149967762,0.0833580039981,"{u'open_long': 0.19999999999999996, u'delay': 3.0, u'sigma': 1.0, u'close_long': -0.29999999999999999}",1.07502981224,1.2348545686,10000.0,0.297924384769,144,91
0.107827350052,0.0853024735076,-0.00615741631502,0.00751017331994,0.109080966586,13651.762354,50,1.08915092062,0.100152297097,"{u'open_long': 0.19999999999999996, u'delay': 3.0, u'sigma': 2.0, u'close_long': -0.10000000000000001}",1.26405889088,1.47574423814,10012.5647321,0.363463080565,139,89
0.0964963327755,0.0778462866383,-0.0143698174752,0.0117352315005,0.0977442809508,13221.5272754,8,1.08803870934,0.0898352973218,"{u'open_long': -0.10000000000000001, u'delay': 3.0, u'sigma': 2.0, u'close_long': 0.0}",1.23957528281,1.18335725955,10000.0,0.32215272754,44,36
0.106857432113,0.090525132837,-0.0136182651348,0.0191074467295,0.107968103101,13593.7033576,9,1.07979637562,0.0999893179296,"{u'open_long': 0.0, u'delay': 2.0, u'sigma': 3.0, u'close_long': 0.099999999999999978}",1.18041729147,1.28160308821,10000.0,0.359370335759,33,24
0.0999388936234,0.0762030373573,-0.0135028296869,0.0106743952535,0.101658673088,13363.2095551,11,1.07713686653,0.0943786033576,"{u'open_long': -0.20000000000000001, u'delay': 3.0, u'sigma': 1.0, u'close_long': 0.0}",1.31148176095,1.28021210325,10000.0,0.336320955509,55,44
0.0908861254743,0.0774600572776,-0.0171491243056,0.0163696841158,0.0916506164884,13002.9626624,7,1.07692376121,0.0851040898058,"{u'open_long': -0.20000000000000001, u'delay': 3.0, u'sigma': 2.0, u'close_long': 0.19999999999999996}",1.17332892162,1.07299652995,10000.0,0.300296266242,32,25
0.0906803526724,0.0748933424624,-0.0169525175305,0.0144511635212,0.0916405188339,13002.6024966,6,1.07677601008,0.0851063897932,"{u'open_long': -0.20000000000000001, u'delay': 3.0, u'sigma': 2.0, u'close_long': 0.099999999999999978}",1.21079323864,1.09657099396,10000.0,0.300260249664,33,27
0.09904352737,0.0873475332057,-0.00817298815377,0.00839333284517,0.0996744720234,13291.2652544,40,1.07556916339,0.0926713738325,"{u'open_long': 0.19999999999999996, u'delay': 3.0, u'sigma': 1.0, u'close_long': -0.10000000000000001}",1.13390182567,1.31699270157,10000.0,0.329126525435,118,78
0.0979365594438,0.0779252964246,-0.0109866378977,0.0120391087004,0.0993144184593,13278.2379434,11,1.07397751921,0.0924734612065,"{u'open_long': -0.29999999999999999, u'delay': 3.0, u'sigma': 1.0, u'close_long': 0.099999999999999978}",1.25680060183,1.19903832631,10000.0,0.32782379434,47,36
0.12550497419,0.0833593872104,-0.00558928590168,0.00633269221967,0.12899108986,14398.8618538,160,1.07394205333,0.120109916043,"{u'open_long': 0.29999999999999999, u'delay': 1.0, u'sigma': 3.0, u'close_long': -0.20000000000000001}",1.50558897312,2.10659812883,10012.5647321,0.438079277289,376,216
0.103959361853,0.0977679220077,-0.00801164621044,0.00853835338854,0.103553611792,13449.036175,36,1.06770447905,0.0969871474968,"{u'open_long': 0.29999999999999999, u'delay': 3.0, u'sigma': 2.0, u'close_long': 0.099999999999999978}",1.06332792718,1.31026561374,10012.5647321,0.343215902701,111,75
0.0830078441131,0.0714053827701,-0.0102610832637,0.0108403904673,0.0835915402133,12717.617911,15,1.06283943253,0.0786492650302,"{u'open_long': -0.29999999999999999, u'delay': 3.0, u'sigma': 1.0, u'close_long': -0.20000000000000001}",1.16248720885,1.06035762375,10000.0,0.271761791104,54,39
0.100624159741,0.0877960961614,-0.0113986204084,0.0101013943144,0.10136674809,13352.608538,16,1.05682204326,0.0959165724597,"{u'open_long': 0.099999999999999978, u'delay': 3.0, u'sigma': 2.0, u'close_long': 0.0}",1.1461120043,1.23134158772,10000.0,0.335260853803,66,50
0.095735948755,0.0847493230308,-0.010726202247,0.00844575722662,0.0962940873662,13169.2922954,18,1.05641872207,0.0911514396273,"{u'open_long': 0.0, u'delay': 2.0, u'sigma': 1.0, u'close_long': 0.099999999999999978}",1.12963673728,1.23960449504,10000.0,0.316929229542,79,61
0.082325515116,0.0724040265162,-0.00925765000167,0.00906685119981,0.0827755744947,12688.9620673,19,1.05022174493,0.0788172354022,"{u'open_long': -0.10000000000000001, u'delay': 3.0, u'sigma': 1.0, u'close_long': -0.29999999999999999}",1.13702951448,1.10471016375,10000.0,0.268896206731,68,49
0.0890615627181,0.0887991229552,-0.0172600017192,0.014968627615,0.0886390947534,12895.8411737,8,1.04907788774,0.0844923868753,"{u'open_long': -0.10000000000000001, u'delay': 2.0, u'sigma': 2.0, u'close_long': 0.19999999999999996}",1.00295543192,1.01138665564,10000.0,0.289584117365,36,28
0.0771720176531,0.0742365407989,-0.0130150953834,0.00840890346158,0.0770782906143,12490.0771185,13,1.0479206881,0.0735535537087,"{u'open_long': -0.20000000000000001, u'delay': 2.0, u'sigma': 1.0, u'close_long': 0.0}",1.03954220957,1.01259424903,10000.0,0.249007711847,63,50
0.0933169219652,0.0831947517618,-0.0119462406304,0.00935650127655,0.0937936529505,13079.5514976,14,1.04349229634,0.0898843750733,"{u'open_long': -0.10000000000000001, u'delay': 2.0, u'sigma': 1.0, u'close_long': 0.19999999999999996}",1.12166837438,1.16788203967,10000.0,0.307955149759,64,50
0.0953205812481,0.0892568597682,-0.0071943541656,0.00812857551495,0.0949547755811,13137.6598601,50,1.04228723467,0.0911023107863,"{u'open_long': 0.29999999999999999, u'delay': 3.0, u'sigma': 1.0, u'close_long': -0.10000000000000001}",1.06793563537,1.27472920204,10012.5647321,0.31211734572,135,85
0.108798339034,0.0941136027328,-0.0087236786043,0.00824417012699,0.109743427308,13659.0328511,29,1.02987232468,0.106560225649,"{u'open_long': 0.29999999999999999, u'delay': 2.0, u'sigma': 1.0, u'close_long': 0.19999999999999996}",1.15603202805,1.44599572234,10000.0,0.365903285108,104,75
0.0930598027795,0.0866547139421,-0.0114375930199,0.00903759267358,0.0931918347113,13058.0131801,17,1.02516341295,0.0909043704975,"{u'open_long': 0.0, u'delay': 2.0, u'sigma': 1.0, u'close_long': 0.19999999999999996}",1.07391506528,1.16608365434,10000.0,0.305801318007,73,56
0.0561471140496,0.0425967200767,-0.00551770027608,0.00874237609916,0.0566665065734,11794.5848298,14,1.0230077987,0.0553920572699,"{u'open_long': -0.10000000000000001, u'delay': 1.0, u'sigma': 2.0, u'close_long': -0.20000000000000001}",1.31810885788,0.867999366847,10000.0,0.179458482976,44,30
0.083338468831,0.0766013529685,-0.0102738130344,0.00893255438197,0.0835332698081,12715.570089,22,1.02006473584,0.0818901652736,"{u'open_long': 0.0, u'delay': 3.0, u'sigma': 1.0, u'close_long': -0.20000000000000001}",1.08795035076,1.12644597434,10000.0,0.271557008901,78,56
0.0650906651991,0.0669016070149,-0.00807408560252,0.00803640440056,0.0647243724092,12065.9727927,23,1.01809682937,0.0635738866302,"{u'open_long': -0.20000000000000001, u'delay': 2.0, u'sigma': 1.0, u'close_long': -0.29999999999999999}",0.972931265829,0.92280238883,10000.0,0.206597279271,73,50
0.0994676106799,0.0838427024154,-0.00623030011355,0.00639337502804,0.100466212665,13319.9416264,118,1.01677709099,0.0988084935778,"{u'open_long': 0.29999999999999999, u'delay': 3.0, u'sigma': 3.0, u'close_long': -0.29999999999999999}",1.1863597882,1.54851309602,10000.0,0.331994162638,290,172
0.0931948099143,0.0741273823983,-0.0115012835024,0.0121627697024,0.0944428830036,13102.813142,13,1.0163216998,0.0929261699541,"{u'open_long': -0.29999999999999999, u'delay': 3.0, u'sigma': 1.0, u'close_long': 0.0}",1.2572251562,1.1927006847,10000.0,0.310281314204,50,37
0.0811442002622,0.0741471883405,-0.00741672861395,0.00863470604379,0.0813607532384,12639.377049,28,1.01538194138,0.0801282255702,"{u'open_long': -0.10000000000000001, u'delay': 2.0, u'sigma': 1.0, u'close_long': -0.20000000000000001}",1.09436651717,1.09969231276,10000.0,0.263937704904,83,55
0.118894667985,0.0807938839826,-0.00571251154749,0.00636860102277,0.121806219594,14126.1998133,151,1.01412292679,0.120109916043,"{u'open_long': 0.099999999999999978, u'delay': 1.0, u'sigma': 3.0, u'close_long': -0.20000000000000001}",1.47158005191,1.9813031251,10012.5647321,0.410847289504,357,206
0.0765465735973,0.0721915359337,-0.0132533512358,0.0100844539126,0.0765676418472,12472.3531047,11,1.01004308067,0.0758063129315,"{u'open_long': -0.20000000000000001, u'delay': 1.0, u'sigma': 1.0, u'close_long': 0.099999999999999978}",1.0603261533,0.989684953041,10000.0,0.247235310469,50,39
0.0805251324806,0.0748624030607,-0.00864069283384,0.00846607541136,0.0806372856627,12614.0717402,27,1.00670914991,0.0800998835363,"{u'open_long': 0.0, u'delay': 3.0, u'sigma': 1.0, u'close_long': -0.29999999999999999}",1.0756418334,1.10039697576,10000.0,0.261407174025,86,59
0.101891827515,0.0948492203678,-0.0239854814808,0.0154578310483,0.102050720039,13377.4552362,6,1.00617569924,0.101424353734,"{u'open_long': 0.0, u'delay': 3.0, u'sigma': 2.0, u'close_long': 0.29999999999999999}",1.07425055388,1.20144096288,10000.0,0.33774552362,36,30
0.0726756917205,0.0659779392711,-0.00796169173081,0.0078787257419,0.0728754518669,12344.6997631,54,1.00463945196,0.0725389110734,"{u'open_long': 0.0, u'delay': 2.0, u'sigma': 3.0, u'close_long': -0.29999999999999999}",1.10151502947,1.03319539335,10000.0,0.234469976308,141,87
0.0915807531612,0.100635727553,-0.0084361832466,0.00677641300503,0.0896966767431,12949.643177,50,1.00279872544,0.0894463409932,"{u'open_long': 0.29999999999999999, u'delay': 1.0, u'sigma': 1.0, u'close_long': 0.099999999999999978}",0.910022269304,1.21121147466,10012.5647321,0.29333927155,161,110
0.0889230291042,0.0740254299919,-0.0109803469134,0.0100101171275,0.089797109949,12936.9625771,14,0.999296848823,0.0898602953214,"{u'open_long': -0.20000000000000001, u'delay': 3.0, u'sigma': 1.0, u'close_long': -0.10000000000000001}",1.20124974774,1.13621478561,10000.0,0.293696257709,58,44
0.0888873501239,0.0795556457628,-0.00728197501043,0.00766945678012,0.0892967393261,12919.1835947,41,0.999238594907,0.0893647821264,"{u'open_long': 0.099999999999999978, u'delay': 3.0, u'sigma': 2.0, u'close_long': -0.20000000000000001}",1.11729782684,1.20989086693,10000.0,0.291918359469,119,78
0.070663873171,0.0747190857041,-0.00698477715902,0.00635625044164,0.0696163537293,12248.1158742,93,0.996591787392,0.0698544324868,"{u'open_long': 0.099999999999999978, u'delay': 2.0, u'sigma': 3.0, u'close_long': -0.29999999999999999}",0.94572721956,1.05516590642,10012.5647321,0.223274575684,237,144
0.100594497401,0.099624078316,-0.0151454111731,0.0104815741691,0.0996539432576,13307.2214474,16,0.990684032969,0.100591046127,"{u'open_long': 0.29999999999999999, u'delay': 3.0, u'sigma': 2.0, u'close_long': 0.19999999999999996}",1.00974080866,1.24807426305,10012.5647321,0.329052226218,71,55
0.106522147381,0.0994303144857,-0.0158970001629,0.0158461443777,0.106660626959,13545.7233394,12,0.99044135391,0.107689997533,"{u'open_long': 0.0, u'delay': 1.0, u'sigma': 1.0, u'close_long': 0.29999999999999999}",1.07132465518,1.33782846885,10000.0,0.354572333942,46,34
0.102066401489,0.0967367591601,-0.0220072710225,0.0158083242491,0.102043878177,13377.206539,7,0.979061871994,0.10422617926,"{u'open_long': 0.099999999999999978, u'delay': 3.0, u'sigma': 2.0, u'close_long': 0.29999999999999999}",1.05509428242,1.23651812603,10000.0,0.337720653903,37,30
0.0730816624212,0.0830827846982,-0.00875375126251,0.00834068440927,0.0719497520605,12312.8317528,34,0.977605340276,0.0735979531783,"{u'open_long': 0.099999999999999978, u'delay': 3.0, u'sigma': 1.0, u'close_long': -0.20000000000000001}",0.879624614012,0.967086697199,10000.0,0.231283175284,99,65
0.0692822121808,0.0697173149509,-0.00744658164821,0.00725233075988,0.0689800237687,12210.9662572,41,0.975522654144,0.0707108373914,"{u'open_long': 0.0, u'delay': 1.0, u'sigma': 2.0, u'close_long': -0.10000000000000001}",0.993759042923,0.989915335746,10000.0,0.221096625717,116,75
0.0674960768022,0.0607547805253,-0.00798794509349,0.00917336201343,0.0676989649958,12167.1981606,16,0.97521461414,0.0694195554642,"{u'open_long': -0.10000000000000001, u'delay': 3.0, u'sigma': 3.0, u'close_long': -0.29999999999999999}",1.11095910838,0.79809468041,10000.0,0.216719816057,54,38
0.114707316837,0.0834100539652,-0.0057072569385,0.00632067522316,0.116891777637,13941.6939116,160,0.97320672171,0.120109916043,"{u'open_long': 0.29999999999999999, u'delay': 1.0, u'sigma': 2.0, u'close_long': -0.29999999999999999}",1.3752217075,1.89204785396,10012.5647321,0.392419852912,374,214
0.0839729072688,0.0845935045537,-0.00578759465225,0.00670115537669,0.0830671570184,12715.1533913,95,0.971283131052,0.0855231130479,"{u'open_long': 0.29999999999999999, u'delay': 3.0, u'sigma': 2.0, u'close_long': -0.29999999999999999}",0.992663771431,1.24557367204,10012.5647321,0.269919719024,224,129
0.102730992382,0.0938081831329,-0.014135486594,0.00987832366604,0.103079725504,13414.8939773,17,0.970391186935,0.106224919281,"{u'open_long': 0.099999999999999978, u'delay': 2.0, u'sigma': 1.0, u'close_long': 0.29999999999999999}",1.0951176001,1.28618221041,10000.0,0.341489397732,76,59
0.076472189714,0.0720269413996,-0.00952273360442,0.00910634057738,0.0765004718662,12470.0229617,16,0.969529490896,0.0789047394479,"{u'open_long': -0.20000000000000001, u'delay': 3.0, u'sigma': 1.0, u'close_long': -0.29999999999999999}",1.06171646648,0.975960649952,10000.0,0.247002296168,60,44
0.0716844187988,0.0723111837538,-0.010738716856,0.00918490051657,0.0713489223211,12292.177026,15,0.966768121071,0.0738014843126,"{u'open_long': -0.29999999999999999, u'delay': 2.0, u'sigma': 1.0, u'close_long': 0.0}",0.99133239255,0.931260253773,10000.0,0.229217702596,58,43
0.0843566555851,0.0719222610002,-0.0100930321685,0.0111673101063,0.0850103649846,12767.5480987,15,0.964217419788,0.0881651412223,"{u'open_long': -0.29999999999999999, u'delay': 3.0, u'sigma': 1.0, u'close_long': -0.10000000000000001}",1.17288659188,1.07651131134,10000.0,0.276754809866,53,38
0.0966952940434,0.100137155199,-0.0142263658552,0.0105470932954,0.0957850751224,13150.9906649,21,0.962923234632,0.0994732203747,"{u'open_long': 0.099999999999999978, u'delay': 1.0, u'sigma': 1.0, u'close_long': 0.19999999999999996}",0.965628530703,1.22050235708,10000.0,0.315099066486,81,59
0.0852819728405,0.0748380309303,-0.00709490112976,0.00672328395839,0.0857767820312,12794.5734883,62,0.961708692361,0.0891920627447,"{u'open_long': 0.099999999999999978, u'delay': 2.0, u'sigma': 2.0, u'close_long': -0.29999999999999999}",1.13955393776,1.20732905202,10000.0,0.279457348831,172,110
0.100259334208,0.0816499854765,-0.00672450302425,0.00676926610922,0.101536196919,13358.7612511,67,0.955525610001,0.106262140812,"{u'open_long': 0.19999999999999996, u'delay': 3.0, u'sigma': 2.0, u'close_long': -0.29999999999999999}",1.22791613033,1.43875230703,10000.0,0.335876125107,185,118
0.0683353566551,0.0629514570512,-0.0126600659434,0.0123585292593,0.0684518334737,12192.9076547,8,0.953638722865,0.0717796287341,"{u'open_long': -0.20000000000000001, u'delay': 2.0, u'sigma': 2.0, u'close_long': -0.10000000000000001}",1.08552462256,0.887191979819,10000.0,0.219290765466,34,26
0.079999311326,0.0791392780657,-0.00689967007913,0.00743208252699,0.0797142077548,12581.8335248,29,0.952787820431,0.0836641758485,"{u'open_long': 0.0, u'delay': 2.0, u'sigma': 1.0, u'close_long': -0.10000000000000001}",1.0108673377,1.07871678433,10000.0,0.258183352481,93,64
0.0966232848508,0.102608609754,-0.0145116866033,0.0101338782761,0.0954313208345,13138.2813461,23,0.950276946314,0.100424745865,"{u'open_long': 0.19999999999999996, u'delay': 1.0, u'sigma': 1.0, u'close_long': 0.19999999999999996}",0.941668394906,1.21817398224,10000.0,0.313828134613,89,65
0.0797498057482,0.0768455466127,-0.00712639011842,0.00797446238043,0.079637797958,12579.1673979,36,0.943420925247,0.0844138558164,"{u'open_long': 0.0, u'delay': 2.0, u'sigma': 1.0, u'close_long': -0.20000000000000001}",1.03779346057,1.09069388881,10000.0,0.257916739795,103,67
0.0722216289923,0.0774651512674,-0.013157853546,0.0125698492864,0.0715086594835,12297.6660572,12,0.943307446546,0.0758063129315,"{u'open_long': -0.20000000000000001, u'delay': 1.0, u'sigma': 1.0, u'close_long': 0.19999999999999996}",0.932311211051,0.864018925251,10000.0,0.229766605724,43,31
0.10876657093,0.100089984202,-0.00611340110346,0.00632966514777,0.108603183416,13634.1589352,97,0.942856041028,0.115185329138,"{u'open_long': 0.29999999999999999, u'delay': 1.0, u'sigma': 2.0, u'close_long': 0.0}",1.08668786191,1.52306199655,10012.5647321,0.361704947731,253,156
0.086188914072,0.0776889495355,-0.0108917227978,0.00981899030597,0.086527673463,12821.0883397,21,0.937506138347,0.0922955807154,"{u'open_long': 0.0, u'delay': 3.0, u'sigma': 1.0, u'close_long': -0.10000000000000001}",1.10941021326,1.14904030728,10000.0,0.282108833965,73,52
0.0734238080466,0.0698985546807,-0.00937958500253,0.00995819589223,0.0733935484785,12362.5596376,16,0.936106462526,0.0784029930533,"{u'open_long': -0.29999999999999999, u'delay': 3.0, u'sigma': 1.0, u'close_long': -0.29999999999999999}",1.05043385206,0.935840471688,10000.0,0.236255963764,55,39
0.102135048857,0.0916735007148,-0.00905307517274,0.00790193775898,0.102640755547,13398.914224,24,0.930262815932,0.110335223325,"{u'open_long': 0.19999999999999996, u'delay': 2.0, u'sigma': 1.0, u'close_long': 0.19999999999999996}",1.11411747191,1.33484059989,10000.0,0.339891422395,95,71
0.0677327625477,0.0693410484972,-0.00758065283205,0.00828082846285,0.0673566987608,12155.5221557,58,0.93016379887,0.0724138037221,"{u'open_long': 0.0, u'delay': 1.0, u'sigma': 3.0, u'close_long': -0.10000000000000001}",0.976806148963,0.929048019023,10000.0,0.215552215565,140,82
0.0766823140099,0.0765645559683,-0.00783133108648,0.00828951267083,0.0763628810311,12465.2508074,24,0.925550464654,0.0825053672893,"{u'open_long': -0.10000000000000001, u'delay': 2.0, u'sigma': 1.0, u'close_long': -0.10000000000000001}",1.00153802292,1.01874880253,10000.0,0.246525080741,77,53
0.0883675968449,0.0950426038735,-0.0179844259657,0.0147986468961,0.0872630349421,12847.0902566,10,0.924612027433,0.0943780011,"{u'open_long': 0.0, u'delay': 2.0, u'sigma': 2.0, u'close_long': 0.19999999999999996}",0.929768264373,1.03916356874,10000.0,0.284709025656,41,31
0.0892779151551,0.0926321176649,-0.00681073084514,0.00845976927038,0.0880426955674,12890.8736106,46,0.913353926735,0.0963949384682,"{u'open_long': 0.099999999999999978, u'delay': 2.0, u'sigma': 3.0, u'close_long': 0.0}",0.963790069856,1.15518927785,10012.5647321,0.287469689881,118,72
0.105098369693,0.0993068308876,-0.0062189384466,0.00633145360255,0.10463946146,13488.7023946,96,0.908444350014,0.115185329138,"{u'open_long': 0.19999999999999996, u'delay': 1.0, u'sigma': 2.0, u'close_long': 0.0}",1.0583196418,1.45711164623,10012.5647321,0.347177546962,249,153
0.0914991714644,0.0940859148886,-0.0147382216555,0.0148917415534,0.0907632857264,12971.3384734,11,0.906015502403,0.100178512935,"{u'open_long': -0.10000000000000001, u'delay': 1.0, u'sigma': 1.0, u'close_long': 0.29999999999999999}",0.972506581593,1.11307776139,10000.0,0.297133847345,42,31
0.0843096712093,0.0868582008745,-0.00747533674908,0.00746899333311,0.0836752594831,12720.560478,46,0.90292456044,0.0926713738325,"{u'open_long': 0.19999999999999996, u'delay': 3.0, u'sigma': 1.0, u'close_long': -0.20000000000000001}",0.970658732975,1.11545930655,10000.0,0.272056047803,130,84
0.0675008960052,0.0774468619428,-0.00947249390608,0.0081029530213,0.0664788811496,12125.6105737,25,0.902575943983,0.073654612216,"{u'open_long': 0.0, u'delay': 2.0, u'sigma': 2.0, u'close_long': -0.10000000000000001}",0.871576902046,0.896103389201,10000.0,0.212561057369,82,57
0.0564757564394,0.0542274401585,-0.0124582250477,0.0088720247593,0.0564194559784,11786.3290775,8,0.902427753366,0.0625196374646,"{u'open_long': -0.29999999999999999, u'delay': 1.0, u'sigma': 1.0, u'close_long': 0.0}",1.04146085956,0.759577781616,10000.0,0.178632907747,40,32
0.093185690996,0.0879007939077,-0.00578989542429,0.0066406340535,0.0927550217152,13058.7824172,73,0.901585861041,0.102879853959,"{u'open_long': 0.19999999999999996, u'delay': 2.0, u'sigma': 2.0, u'close_long': -0.10000000000000001}",1.0601234284,1.30343122227,10012.5647321,0.304239499724,187,114
0.083048417936,0.0886830801722,-0.00682084607052,0.00735779241434,0.0816859358151,12666.657572,55,0.896639559525,0.0911023107863,"{u'open_long': 0.29999999999999999, u'delay': 3.0, u'sigma': 1.0, u'close_long': -0.20000000000000001}",0.936462939433,1.10166432361,10012.5647321,0.265076222814,146,91
0.0897483612466,0.0902801413572,-0.0182637947223,0.0170712175079,0.0892410648419,12917.2063964,7,0.894294800331,0.0997893142272,"{u'open_long': -0.10000000000000001, u'delay': 3.0, u'sigma': 2.0, u'close_long': 0.29999999999999999}",0.994109666837,1.02619427646,10000.0,0.291720639638,31,24
0.0746508642061,0.081627737639,-0.00787482716508,0.00788715154876,0.073755777074,12375.0566326,41,0.893789433313,0.0825203054825,"{u'open_long': 0.099999999999999978, u'delay': 3.0, u'sigma': 1.0, u'close_long': -0.29999999999999999}",0.914528153851,0.993491464777,10000.0,0.237505663264,114,73
0.0801070749796,0.0780389040508,-0.00946023412086,0.00835242318797,0.0799231459268,12589.1258162,20,0.890076102671,0.0897936094307,"{u'open_long': -0.10000000000000001, u'delay': 2.0, u'sigma': 1.0, u'close_long': 0.0}",1.02650179361,1.04471859395,10000.0,0.258912581621,74,54
0.0974202045203,0.0844104905133,-0.00593775333266,0.00615240465115,0.0977042660439,13236.6947993,147,0.882892422098,0.110663840348,"{u'open_long': 0.29999999999999999, u'delay': 2.0, u'sigma': 3.0, u'close_long': -0.29999999999999999}",1.15412437397,1.49467995531,10012.5647321,0.32200841178,351,204
0.0931950869292,0.0936002855627,-0.00698298980471,0.00799982059604,0.0922055480435,13039.1290819,62,0.877374334556,0.105092597779,"{u'open_long': 0.19999999999999996, u'delay': 3.0, u'sigma': 3.0, u'close_long': 0.0}",0.995670967978,1.27540139606,10012.5647321,0.30227663249,156,94
0.0950359907307,0.103453691428,-0.0097780040374,0.00975457588812,0.093150299505,13072.9327365,34,0.853937286364,0.109083302711,"{u'open_long': 0.19999999999999996, u'delay': 2.0, u'sigma': 3.0, u'close_long': 0.099999999999999978}",0.91863315285,1.20687667253,10012.5647321,0.305652755938,101,67
0.0753094903238,0.076468865071,-0.00680884212349,0.00664759573336,0.0748957759007,12414.4418391,68,0.850703537518,0.0880398077563,"{u'open_long': 0.099999999999999978, u'delay': 3.0, u'sigma': 3.0, u'close_long': -0.29999999999999999}",0.984838603971,1.02267783461,10000.0,0.241444183906,178,110
0.0880494803846,0.0937373183109,-0.0130991845474,0.0100615992671,0.0870485691674,12839.5032578,16,0.842451450152,0.103327698174,"{u'open_long': 0.0, u'delay': 1.0, u'sigma': 1.0, u'close_long': 0.19999999999999996}",0.939321520726,1.09087772901,10000.0,0.283950325783,66,50
0.076848435505,0.0815501029101,-0.00880827116468,0.00767631698819,0.0761171222653,12456.73002,24,0.835447524419,0.091109399502,"{u'open_long': 0.0, u'delay': 2.0, u'sigma': 1.0, u'close_long': 0.0}",0.94234627257,1.005867274,10000.0,0.245673001996,86,62
0.0632941188387,0.0795566915209,-0.00748678571818,0.00657073661127,0.0618304787114,11968.0334206,89,0.833823882657,0.0741529236538,"{u'open_long': 0.099999999999999978, u'delay': 1.0, u'sigma': 1.0, u'close_long': -0.29999999999999999}",0.795585105774,0.914032245096,10000.0,0.196803342056,229,140
0.0467407264773,0.0512852681691,-0.00840462087448,0.00822740239809,0.0463709426331,11453.7881502,12,0.833516696967,0.0556328899011,"{u'open_long': -0.29999999999999999, u'delay': 1.0, u'sigma': 1.0, u'close_long': -0.10000000000000001}",0.911386995641,0.647221924618,10000.0,0.14537881502,43,31
0.0878401083366,0.0906730137099,-0.00599543992937,0.00644529284979,0.0866765290478,12842.4649106,109,0.827525329428,0.104741844105,"{u'open_long': 0.19999999999999996, u'delay': 2.0, u'sigma': 3.0, u'close_long': -0.10000000000000001}",0.968756907293,1.29285342831,10012.5647321,0.282634894674,262,153
0.0859320552985,0.0815262399969,-0.00813893316176,0.00702433266307,0.0859158769425,12799.4823329,37,0.817618885209,0.105080592556,"{u'open_long': 0.099999999999999978, u'delay': 2.0, u'sigma': 2.0, u'close_long': -0.10000000000000001}",1.05404168402,1.14198091323,10000.0,0.279948233291,121,84
0.0818257871883,0.0879781120668,-0.00571588000531,0.00719764928001,0.0804355353166,12622.8613621,80,0.813308016134,0.0988992284854,"{u'open_long': 0.29999999999999999, u'delay': 3.0, u'sigma': 2.0, u'close_long': -0.10000000000000001}",0.930069823801,1.16182949621,10012.5647321,0.260702097796,185,105
0.0588630534059,0.0643863967877,-0.00715365395056,0.00808684111188,0.0583024892214,11849.352099,66,0.804788375918,0.0724444971697,"{u'open_long': 0.0, u'delay': 1.0, u'sigma': 3.0, u'close_long': -0.20000000000000001}",0.914215678197,0.864853337182,10000.0,0.184935209904,151,85
0.0588630534059,0.0643863967877,-0.00715365395056,0.00808684111188,0.0583024892214,11849.352099,66,0.804788375918,0.0724444971697,"{u'open_long': 0.0, u'delay': 1.0, u'sigma': 3.0, u'close_long': -0.29999999999999999}",0.914215678197,0.864853337182,10000.0,0.184935209904,151,85
0.085330864678,0.0975708843742,-0.0185596425482,0.0181731741761,0.083711655182,12721.8398564,10,0.797402921311,0.104980371836,"{u'open_long': 0.0, u'delay': 1.0, u'sigma': 2.0, u'close_long': 0.099999999999999978}",0.874552539165,1.02036955533,10000.0,0.272183985638,35,25
0.0808142448584,0.0946399314127,-0.0093815457984,0.00738630841604,0.0791400422468,12561.808679,34,0.793982782693,0.0996747586622,"{u'open_long': 0.099999999999999978, u'delay': 1.0, u'sigma': 1.0, u'close_long': 0.099999999999999978}",0.853912758093,1.06469103754,10000.0,0.256180867901,115,81
0.0639283906976,0.0642250793583,-0.00981055828479,0.008515063624,0.0636752616205,12030.4058141,15,0.792222630265,0.0803754641536,"{u'open_long': -0.20000000000000001, u'delay': 1.0, u'sigma': 1.0, u'close_long': 0.0}",0.995380485883,0.864501853306,10000.0,0.203040581415,57,42
0.081502459884,0.0985672854289,-0.00869618557913,0.00680091540378,0.0794718467686,12573.3782465,42,0.791542539974,0.100401232726,"{u'open_long': 0.19999999999999996, u'delay': 1.0, u'sigma': 1.0, u'close_long': 0.099999999999999978}",0.826871304504,1.07549450477,10000.0,0.257337824653,139,96
0.0880879870214,0.0926020601265,-0.00810534308094,0.00707437516782,0.0872064274428,12845.0874045,35,0.789019622114,0.110525042722,"{u'open_long': 0.29999999999999999, u'delay': 2.0, u'sigma': 1.0, u'close_long': 0.099999999999999978}",0.951252994815,1.18471406984,10000.0,0.28450874045,118,83
0.0664322391911,0.065842199122,-0.0139495152876,0.0119289036981,0.0662224188142,12116.8808984,7,0.787323929895,0.0841107659753,"{u'open_long': -0.29999999999999999, u'delay': 1.0, u'sigma': 1.0, u'close_long': 0.19999999999999996}",1.00896142712,0.763320251666,10000.0,0.211688089837,33,26
0.0842170583395,0.0899848440415,-0.00954999568948,0.00845722935807,0.0832734273762,12706.4410074,24,0.78147289058,0.106559585598,"{u'open_long': 0.099999999999999978, u'delay': 2.0, u'sigma': 1.0, u'close_long': 0.19999999999999996}",0.935902698245,1.06880602266,10000.0,0.270644100743,85,61
0.0980999380045,0.0839371201868,-0.00610900206131,0.00628032970838,0.0984992522976,13265.4220952,106,0.769514403401,0.128001830586,"{u'open_long': 0.29999999999999999, u'delay': 2.0, u'sigma': 2.0, u'close_long': -0.20000000000000001}",1.16873128106,1.56960555786,10012.5647321,0.324877536392,266,160
0.084008984386,0.095569076633,-0.00713556251739,0.00772984068488,0.0820402389048,12679.0856777,55,0.764300975355,0.107340225317,"{u'open_long': 0.29999999999999999, u'delay': 3.0, u'sigma': 2.0, u'close_long': 0.0}",0.879039406319,1.11092650975,10012.5647321,0.266317473786,144,89
0.0803987803729,0.0830197170232,-0.00674179298375,0.00625728772834,0.0798031763583,12584.9383337,51,0.760178463112,0.104979528138,"{u'open_long': 0.19999999999999996, u'delay': 2.0, u'sigma': 1.0, u'close_long': -0.20000000000000001}",0.968429949604,1.10067602861,10000.0,0.258493833372,152,101
0.0859252583045,0.0899619974441,-0.00818769830182,0.00699831185857,0.0851235578865,12771.5371102,29,0.744697448609,0.114306230061,"{u'open_long': 0.19999999999999996, u'delay': 2.0, u'sigma': 1.0, u'close_long': 0.099999999999999978}",0.95512839583,1.13683694345,10000.0,0.277153711017,105,76
0.0781723209962,0.0883686675533,-0.0090960651297,0.00617517611559,0.076913702715,12484.3626366,45,0.743520573715,0.10344529181,"{u'open_long': 0.099999999999999978, u'delay': 1.0, u'sigma': 1.0, u'close_long': 0.0}",0.884615816449,1.05821412658,10000.0,0.248436263656,157,112
0.0627413307122,0.0719036771193,-0.00764045206964,0.00786014685267,0.0618619060417,11969.0941759,32,0.71946953373,0.0859826624221,"{u'open_long': -0.10000000000000001, u'delay': 2.0, u'sigma': 1.0, u'close_long': -0.29999999999999999}",0.87257471698,0.854600572279,10000.0,0.196909417586,90,58
0.0777442086829,0.089976571423,-0.00712667836137,0.00649637846756,0.076302532554,12463.1580849,46,0.704015458065,0.108381899403,"{u'open_long': 0.29999999999999999, u'delay': 2.0, u'sigma': 1.0, u'close_long': 0.0}",0.864049468138,1.05729362081,10000.0,0.246315808494,139,93
0.0594502873456,0.0728651844822,-0.0090174428783,0.00793995742117,0.0583075373741,11849.521356,25,0.697210852513,0.0836297042192,"{u'open_long': -0.10000000000000001, u'delay': 1.0, u'sigma': 1.0, u'close_long': 0.0}",0.815894281583,0.795723075041,10000.0,0.184952135604,80,55
0.0666324670768,0.0841397678001,-0.0144093706137,0.0141802024929,0.0649790733879,12074.6182239,10,0.690156299086,0.0941512429488,"{u'open_long': -0.20000000000000001, u'delay': 1.0, u'sigma': 1.0, u'close_long': 0.29999999999999999}",0.791925968171,0.779271313581,10000.0,0.207461822392,35,25
0.0700492198842,0.0992131468704,-0.00645811871648,0.0071829852653,0.0666988090617,12148.3449111,87,0.686762779703,0.0971205939417,"{u'open_long': 0.19999999999999996, u'delay': 2.0, u'sigma': 3.0, u'close_long': 0.0}",0.70604775772,0.960528424368,10012.5647321,0.213309999594,202,115
0.0724887437669,0.0875374601028,-0.00912838563498,0.00743396770419,0.0709065394599,12276.9839885,24,0.686107490025,0.103346109015,"{u'open_long': 0.0, u'delay': 1.0, u'sigma': 1.0, u'close_long': 0.099999999999999978}",0.828088268517,0.944414712859,10000.0,0.227698398848,87,63
0.0707581365968,0.0880773613422,-0.00651455655817,0.00610526846851,0.0690076999812,12211.912986,55,0.683087918091,0.101023159909,"{u'open_long': 0.29999999999999999, u'delay': 2.0, u'sigma': 1.0, u'close_long': -0.10000000000000001}",0.803363492258,0.978535758061,10000.0,0.221191298601,156,101
0.0737869916445,0.0989769693619,-0.0195982287423,0.0184909308537,0.0711543460468,12285.4930268,9,0.680982930539,0.104487708657,"{u'open_long': 0.0, u'delay': 2.0, u'sigma': 2.0, u'close_long': 0.29999999999999999}",0.745496574811,0.862080141078,10000.0,0.228549302678,31,22
0.0670402816617,0.0749026152915,-0.00694987647021,0.00771218770803,0.0661911070487,12115.8153696,43,0.679392283692,0.0974269338018,"{u'open_long': 0.0, u'delay': 2.0, u'sigma': 1.0, u'close_long': -0.29999999999999999}",0.895032588659,0.922614871288,10000.0,0.211581536965,113,70
0.0801483665721,0.0942782515963,-0.00664542501531,0.00697742965132,0.0780103435204,12538.2049592,72,0.676093460303,0.115383964053,"{u'open_long': 0.099999999999999978, u'delay': 1.0, u'sigma': 2.0, u'close_long': 0.0}",0.850125720567,1.09341915241,10012.5647321,0.252247081013,181,109
0.0711440322675,0.0801142509397,-0.00664676280481,0.00629954449728,0.0701329004789,12250.4444821,60,0.675382965774,0.10384167803,"{u'open_long': 0.19999999999999996, u'delay': 2.0, u'sigma': 1.0, u'close_long': -0.29999999999999999}",0.888032171967,1.00645230789,10000.0,0.225044448206,165,105
0.0722288604043,0.0887225804109,-0.00874143135511,0.00758973179563,0.0705163332519,12263.5932733,27,0.663387615237,0.106297331503,"{u'open_long': 0.099999999999999978, u'delay': 2.0, u'sigma': 1.0, u'close_long': 0.099999999999999978}",0.814097832477,0.923645160309,10000.0,0.226359327335,91,64
0.0666083459095,0.0821708580822,-0.00695939679171,0.00745401686018,0.0651247690124,12079.5654914,49,0.65374449493,0.0996180763547,"{u'open_long': 0.099999999999999978, u'delay': 2.0, u'sigma': 1.0, u'close_long': -0.20000000000000001}",0.810607890243,0.89028398569,10000.0,0.207956549139,127,78
0.0632552283592,0.0790553216706,-0.0068256056187,0.0062997234209,0.0613889779852,11968.1570222,86,0.648577248622,0.0946517598568,"{u'open_long': 0.099999999999999978, u'delay': 2.0, u'sigma': 3.0, u'close_long': -0.20000000000000001}",0.800138776523,0.907023458512,10012.5647321,0.195313822423,217,131
0.0706364060711,0.0861752764558,-0.00705195138273,0.00609614208803,0.0690541336344,12213.5014663,62,0.625234852841,0.110445112457,"{u'open_long': 0.29999999999999999, u'delay': 2.0, u'sigma': 1.0, u'close_long': -0.20000000000000001}",0.819682964491,0.986931125726,10000.0,0.22135014663,177,115
0.0659502185541,0.0850589996881,-0.00599741253336,0.00577674440375,0.06416931674,12047.1465704,45,0.598697277557,0.107181574304,"{u'open_long': 0.19999999999999996, u'delay': 2.0, u'sigma': 1.0, u'close_long': -0.10000000000000001}",0.775346745152,0.891952587516,10000.0,0.204714657038,133,88
0.0613497970839,0.0769528805667,-0.00718490298589,0.00721165713863,0.0599937889721,11906.149,52,0.597340262222,0.100434865631,"{u'open_long': 0.099999999999999978, u'delay': 3.0, u'sigma': 2.0, u'close_long': -0.29999999999999999}",0.797238474143,0.85098932937,10000.0,0.190614900001,134,82
0.068558089544,0.0870010185862,-0.00692055712375,0.00603692941553,0.0667638373887,12135.3150598,38,0.582804614463,0.114556123496,"{u'open_long': 0.19999999999999996, u'delay': 2.0, u'sigma': 1.0, u'close_long': 0.0}",0.788014791759,0.913497353427,10000.0,0.213531505978,122,84
0.0430756243022,0.0620954851604,-0.0079628355622,0.00762292895346,0.0419148698289,11308.3436447,21,0.564503769973,0.0742508235702,"{u'open_long': -0.20000000000000001, u'delay': 1.0, u'sigma': 1.0, u'close_long': -0.10000000000000001}",0.693699778509,0.587397136947,10000.0,0.13083436447,62,41
0.0579235410845,0.0840238978455,-0.00616710137949,0.0070768999447,0.0557743525499,11764.789642,44,0.56252606326,0.099149810458,"{u'open_long': 0.099999999999999978, u'delay': 2.0, u'sigma': 1.0, u'close_long': -0.10000000000000001}",0.68936984084,0.765131489182,10000.0,0.176478964201,112,68
0.0346622829003,0.0474569669672,-0.00823979911768,0.00750322911163,0.0340315992294,11054.0594186,14,0.55785943325,0.0610038966826,"{u'open_long': -0.29999999999999999, u'delay': 1.0, u'sigma': 1.0, u'close_long': -0.20000000000000001}",0.73039397828,0.490336743311,10000.0,0.105405941859,45,31
0.0632244436276,0.100872948236,-0.00572657051815,0.00605663696133,0.0592838520358,11897.2157788,109,0.550941492052,0.107604623887,"{u'open_long': 0.19999999999999996, u'delay': 1.0, u'sigma': 3.0, u'close_long': 0.0}",0.626773032147,0.886031918989,10012.5647321,0.188228600472,252,143
0.0596904140599,0.0865986727286,-0.0059134713252,0.0062209345497,0.0569632195656,11819.3372973,150,0.546701105888,0.104194447299,"{u'open_long': 0.19999999999999996, u'delay': 1.0, u'sigma': 2.0, u'close_long': -0.10000000000000001}",0.689276315434,0.958012034266,10012.5647321,0.180450525269,333,183
0.0510043082627,0.0778387930876,-0.00655449653559,0.0060089312346,0.0485932836618,11541.270938,126,0.527988937966,0.0920346624099,"{u'open_long': 0.099999999999999978, u'delay': 1.0, u'sigma': 2.0, u'close_long': -0.20000000000000001}",0.655255641043,0.81418213158,10012.5647321,0.152678783791,300,174
0.0602189814662,0.101082677484,-0.00571126222617,0.00605773747571,0.056090148983,11790.1259154,109,0.521261512351,0.107604623887,"{u'open_long': 0.29999999999999999, u'delay': 1.0, u'sigma': 3.0, u'close_long': 0.0}",0.595739873195,0.843388675602,10012.5647321,0.177533052804,252,143
0.0532494542445,0.0804889123889,-0.00800184621497,0.0069024783387,0.0511667275038,11611.7070009,36,0.511239524312,0.100083669338,"{u'open_long': 0.0, u'delay': 1.0, u'sigma': 1.0, u'close_long': 0.0}",0.661575025231,0.715465301196,10000.0,0.161170700085,106,70
0.0363227371998,0.0424453268431,-0.00808277799689,0.0100614884372,0.0359780761288,11116.4874387,23,0.504880926452,0.0712605175671,"{u'open_long': -0.10000000000000001, u'delay': 1.0, u'sigma': 2.0, u'close_long': -0.29999999999999999}",0.855753504597,0.551914136975,10000.0,0.111648743872,54,31
0.0620631539686,0.0896701353279,-0.00634746482883,0.00596299174003,0.0591832398536,11893.8322512,95,0.499552620542,0.118472484019,"{u'open_long': 0.29999999999999999, u'delay': 2.0, u'sigma': 2.0, u'close_long': -0.10000000000000001}",0.692127359256,0.903401872141,10012.5647321,0.187890672316,236,141
0.052957081795,0.0895882853214,-0.0060681064994,0.00646140608885,0.049613520159,11574.9295376,88,0.497952556029,0.0996350346199,"{u'open_long': 0.19999999999999996, u'delay': 3.0, u'sigma': 3.0, u'close_long': -0.10000000000000001}",0.591116144315,0.721670681267,10012.5647321,0.156040419937,202,114
0.0611580818328,0.0932021912446,-0.00751482415876,0.00602665491812,0.0583242257934,11850.0809052,70,0.495266151044,0.117763399882,"{u'open_long': 0.19999999999999996, u'delay': 1.0, u'sigma': 1.0, u'close_long': 0.0}",0.656187167019,0.823351395024,10000.0,0.18500809052,198,127
0.0417680113984,0.0698041243888,-0.00783385885228,0.00741202257225,0.0400283018701,11247.1393265,32,0.482160178687,0.0830186805951,"{u'open_long': -0.10000000000000001, u'delay': 1.0, u'sigma': 1.0, u'close_long': -0.10000000000000001}",0.598360222467,0.576526498967,10000.0,0.124713932647,87,55
0.0503824340754,0.0800390109679,-0.00711381132052,0.00738823496941,0.0482016300334,11513.9003312,57,0.476827163081,0.101088263768,"{u'open_long': 0.099999999999999978, u'delay': 2.0, u'sigma': 1.0, u'close_long': -0.29999999999999999}",0.629473471326,0.681646053697,10000.0,0.151390033123,138,81
0.0547109638628,0.101117255475,-0.00639991499254,0.00613374583092,0.0502989347482,11597.5787119,99,0.467442131495,0.107604623887,"{u'open_long': 0.29999999999999999, u'delay': 2.0, u'sigma': 3.0, u'close_long': 0.0}",0.541064565153,0.749711217568,10012.5647321,0.158302495135,239,140
0.0310700616598,0.0562461672552,-0.00832202388201,0.00714851550594,0.0298638262328,10921.1754811,26,0.467337779301,0.0639020159626,"{u'open_long': -0.20000000000000001, u'delay': 1.0, u'sigma': 1.0, u'close_long': -0.29999999999999999}",0.552394290599,0.428808910269,10000.0,0.0921175481051,72,46
0.0520804854034,0.0863049554517,-0.00720399739769,0.00734522663203,0.0494339421274,11554.4824502,38,0.465081855439,0.106290842245,"{u'open_long': 0.099999999999999978, u'delay': 2.0, u'sigma': 1.0, u'close_long': 0.0}",0.603447219581,0.66849364145,10000.0,0.155448245023,101,63
0.0571850614682,0.0812577281808,-0.00785799785717,0.00629523611301,0.0552338356111,11746.7624571,77,0.440868251775,0.125284221281,"{u'open_long': 0.099999999999999978, u'delay': 1.0, u'sigma': 1.0, u'close_long': -0.20000000000000001}",0.703749203288,0.793357206615,10000.0,0.174676245715,210,133
0.0410207522687,0.0574152466848,-0.00960328926022,0.00785929329305,0.040071063047,11248.5241412,22,0.42294931523,0.0947419976912,"{u'open_long': -0.20000000000000001, u'delay': 1.0, u'sigma': 1.0, u'close_long': -0.20000000000000001}",0.714457476669,0.577494950859,10000.0,0.124852414119,67,45
0.0286892244014,0.0635305498606,-0.00778334455526,0.00658365454327,0.0269732313622,10829.6403285,41,0.421850562131,0.0639402522683,"{u'open_long': -0.10000000000000001, u'delay': 1.0, u'sigma': 1.0, u'close_long': -0.29999999999999999}",0.45158155351,0.415044988552,10000.0,0.0829640328499,108,67
0.046426514297,0.0856638331577,-0.0081023815071,0.00595984091116,0.0435858001567,11362.7371177,64,0.406175863807,0.107307705948,"{u'open_long': 0.099999999999999978, u'delay': 1.0, u'sigma': 1.0, u'close_long': -0.10000000000000001}",0.541961672571,0.632639677043,10000.0,0.136273711768,183,119
0.0444845619149,0.086784257391,-0.00570494857801,0.00618407072036,0.0410334932374,11293.8950274,158,0.393816506553,0.104194447299,"{u'open_long': 0.29999999999999999, u'delay': 1.0, u'sigma': 2.0, u'close_long': -0.10000000000000001}",0.512587919195,0.730750549254,10012.5647321,0.127972235845,339,181
0.0466942092248,0.0998447197047,-0.00613216775393,0.00615700808754,0.042064714961,11327.4291808,102,0.390919213707,0.107604623887,"{u'open_long': 0.099999999999999978, u'delay': 1.0, u'sigma': 3.0, u'close_long': 0.0}",0.467668288948,0.64783347256,10012.5647321,0.131321442997,236,134
0.0517712148319,0.083433221655,-0.0070152000414,0.00611060042315,0.0493648795972,11552.2055884,73,0.368689670525,0.133892765498,"{u'open_long': 0.29999999999999999, u'delay': 2.0, u'sigma': 1.0, u'close_long': -0.29999999999999999}",0.620510796598,0.737679528513,10000.0,0.155220558843,191,118
0.0388261752326,0.0855978885664,-0.00659500079412,0.00617701224815,0.0357075798611,11107.7979845,123,0.36640611596,0.0974535585129,"{u'open_long': 0.19999999999999996, u'delay': 1.0, u'sigma': 1.0, u'close_long': -0.29999999999999999}",0.453588001793,0.551286686765,10000.0,0.110779798445,283,160
0.0431507081819,0.0846536948868,-0.0061755418891,0.00598757278497,0.039837618836,11255.0894373,97,0.357189822712,0.111530666058,"{u'open_long': 0.19999999999999996, u'delay': 3.0, u'sigma': 3.0, u'close_long': -0.20000000000000001}",0.509732129703,0.610881890685,10012.5647321,0.12409654653,227,130
0.0259916027167,0.046678243526,-0.00798033557724,0.00731992555864,0.0251615453541,10772.531813,17,0.351160198357,0.0716526117478,"{u'open_long': -0.29999999999999999, u'delay': 1.0, u'sigma': 1.0, u'close_long': -0.29999999999999999}",0.55682478074,0.359415927418,10000.0,0.0772531813003,48,31
0.0364072305505,0.0660105776539,-0.00846604587845,0.0070231681874,0.0347461673224,11076.9500707,36,0.330797056734,0.105037716071,"{u'open_long': -0.10000000000000001, u'delay': 1.0, u'sigma': 1.0, u'close_long': -0.20000000000000001}",0.551536311974,0.50968706882,10000.0,0.107695007065,100,64
0.033704205788,0.0642839105892,-0.00760724350067,0.00626183153763,0.032072680772,10991.4685633,57,0.32729683177,0.0979926404989,"{u'open_long': 0.0, u'delay': 1.0, u'sigma': 2.0, u'close_long': -0.20000000000000001}",0.524302356205,0.475401398174,10000.0,0.0991468563303,148,91
0.0436698490907,0.0815295569173,-0.00660706270627,0.00626022916544,0.0406452266797,11281.2861975,117,0.321014712727,0.126614840592,"{u'open_long': 0.099999999999999978, u'delay': 1.0, u'sigma': 2.0, u'close_long': -0.10000000000000001}",0.535632116031,0.680207141011,10012.5647321,0.126712935134,271,154
0.0403987905221,0.0949724124359,-0.00683691127633,0.00581657056505,0.0360233379147,11131.9112719,91,0.271615006091,0.132626464322,"{u'open_long': 0.29999999999999999, u'delay': 1.0, u'sigma': 1.0, u'close_long': 0.0}",0.425373953192,0.553255183632,10012.5647321,0.111794187574,229,138
0.0405627768103,0.0839260952959,-0.00638971273117,0.0061498126614,0.0372191572366,11170.4318566,127,0.239454076135,0.155433383458,"{u'open_long': 0.19999999999999996, u'delay': 2.0, u'sigma': 3.0, u'close_long': -0.20000000000000001}",0.483315429692,0.631017312923,10012.5647321,0.115641412118,291,164
0.0271877778334,0.0777730325726,-0.00717453212987,0.00710941189136,0.024405618099,10748.7626778,53,0.226081066239,0.107950738667,"{u'open_long': 0.0, u'delay': 1.0, u'sigma': 1.0, u'close_long': -0.10000000000000001}",0.349578471278,0.368890174991,10000.0,0.0748762677825,123,70
0.0296494055694,0.0827616921065,-0.00654882551615,0.00601498561351,0.0260853694666,10815.1997029,106,0.198297393671,0.131546708626,"{u'open_long': 0.19999999999999996, u'delay': 3.0, u'sigma': 3.0, u'close_long': -0.29999999999999999}",0.358250354901,0.423516592775,10012.5647321,0.080162774698,245,139
0.0241538121082,0.0871728993158,-0.00675564151421,0.00612296766563,0.0205165513475,10627.0281067,114,0.135693059568,0.151198236762,"{u'open_long': 0.19999999999999996, u'delay': 1.0, u'sigma': 1.0, u'close_long': -0.20000000000000001}",0.277079370972,0.332245679615,10000.0,0.0627028106651,261,147
0.0202072486709,0.0778896698866,-0.00677946896338,0.00612305465152,0.0168570580711,10526.5311234,136,0.132410328957,0.127309237912,"{u'open_long': 0.099999999999999978, u'delay': 1.0, u'sigma': 2.0, u'close_long': -0.29999999999999999}",0.259434257461,0.30888164765,10012.5647321,0.0513321416731,307,171
0.0168881103724,0.0726545790381,-0.00763437002778,0.00705704204493,0.0143202927987,10434.9772449,61,0.0983973996052,0.145535276909,"{u'open_long': 0.0, u'delay': 1.0, u'sigma': 1.0, u'close_long': -0.20000000000000001}",0.232443854138,0.233867853559,10000.0,0.0434977244896,140,79
0.0245687564055,0.0849087803349,-0.00627416257213,0.00544162310076,0.0207078559855,10646.3547636,155,0.0967931196206,0.213939338526,"{u'open_long': 0.29999999999999999, u'delay': 1.0, u'sigma': 2.0, u'close_long': -0.20000000000000001}",0.289354720544,0.367084203797,10012.5647321,0.0632994690659,365,210
0.0106860949271,0.0711800994783,-0.00762425763288,0.00682004663848,0.00816984634831,10246.6463844,68,0.0837095975886,0.0975974868313,"{u'open_long': 0.0, u'delay': 1.0, u'sigma': 1.0, u'close_long': -0.29999999999999999}",0.15012756382,0.152643422033,10000.0,0.0246646384396,155,87
0.0160669328566,0.0822198011394,-0.00709477999573,0.00623952822885,0.0127390806085,10386.3411714,136,0.065938907149,0.193195203854,"{u'open_long': 0.19999999999999996, u'delay': 2.0, u'sigma': 3.0, u'close_long': -0.29999999999999999}",0.195414396945,0.236755232437,10000.0,0.0386341171435,311,175
0.0103132072079,0.0919084517125,-0.00683477262334,0.00555148517704,0.00609415964906,10183.6021851,95,0.0516535018055,0.117981539219,"{u'open_long': 0.19999999999999996, u'delay': 1.0, u'sigma': 1.0, u'close_long': -0.10000000000000001}",0.112211739135,0.137639147098,10000.0,0.0183602185051,229,133
0.00749671798427,0.0643343832068,-0.00827124427772,0.00670721769872,0.00542837086288,10163.4352486,66,0.0512749859388,0.105867817679,"{u'open_long': 0.0, u'delay': 1.0, u'sigma': 2.0, u'close_long': -0.29999999999999999}",0.116527393449,0.10086471575,10000.0,0.0163435248591,156,90
0.000152617890531,0.0847402495306,-0.00647854853297,0.00544281195091,-0.00384550506531,9897.70720923,157,-0.0177131362897,0.217099050242,"{u'open_long': 0.19999999999999996, u'delay': 1.0, u'sigma': 2.0, u'close_long': -0.20000000000000001}",0.00180100827383,0.00224484150141,10012.5647321,-0.0114713388575,359,202
-0.00735520904731,0.0890796785936,-0.0071377217903,0.00581153965281,-0.0112359796031,9667.29238071,137,-0.0764840479868,0.146906183692,"{u'open_long': 0.29999999999999999, u'delay': 1.0, u'sigma': 1.0, u'close_long': -0.29999999999999999}",-0.0825688772505,-0.103667834343,10000.0,-0.0332707619295,314,177
-0.0160438237069,0.0833492211512,-0.00685599026432,0.00534230842155,-0.0192933117884,9433.30273726,162,-0.100078173304,0.192782413502,"{u'open_long': 0.29999999999999999, u'delay': 1.0, u'sigma': 3.0, u'close_long': -0.29999999999999999}",-0.192489185685,-0.232806784714,10000.0,-0.0566697262738,376,214
-0.0397780956613,0.085108614548,-0.00713787450521,0.00545419038678,-0.0423926724786,8783.4566898,162,-0.19124905657,0.22166212602,"{u'open_long': 0.19999999999999996, u'delay': 1.0, u'sigma': 2.0, u'close_long': -0.29999999999999999}",-0.467380368868,-0.547050547453,10000.0,-0.12165433102,366,204
-0.0213117561342,0.092871035275,-0.00665497254226,0.00538567592855,-0.0256567258066,9262.81870054,117,-0.202079132105,0.126963756917,"{u'open_long': 0.29999999999999999, u'delay': 1.0, u'sigma': 1.0, u'close_long': -0.10000000000000001}",-0.22947688772,-0.290213541529,10012.5647321,-0.0748805177924,261,144
-0.0327892296782,0.0880262196109,-0.00673722045767,0.00575540219053,-0.0363305698509,8962.26227767,137,-0.244036920924,0.148873251283,"{u'open_long': 0.29999999999999999, u'delay': 1.0, u'sigma': 1.0, u'close_long': -0.20000000000000001}",-0.372493898103,-0.474895951159,10012.5647321,-0.10489844336,293,156
